frame,bone_id,bone_name,x,y,z
0,0,pelvis,0.000000,0.000000,0.000000
0,1,stomach,0.323268,10.876889,1.810322
0,2,chest,1.392658,28.608509,2.062299
0,3,neck,-5.231390,56.855311,4.947965
0,4,head,-8.749832,69.824101,7.592325
0,5,hair,-6.334965,85.041017,8.261742
0,7,zero_joint_hand_l,1.392720,28.608220,2.065114
0,8,clavicle_l,-6.436375,52.257534,3.775234
0,9,arm_l,-19.583115,46.456522,-7.826757
0,10,forearm_l,-27.704487,20.979237,3.274355
0,11,forearm_twist_l,-30.001801,19.574538,14.896173
0,12,hand_l,-32.454969,18.089120,27.247287
0,13,weapon_l,-38.320749,13.817244,32.982294
0,14,f_big1_l,-37.370604,19.758624,30.359431
0,15,f_big2_l,-39.425404,19.816561,33.692393
0,16,f_big3_l,-39.483661,16.734579,36.625583
0,17,f_main1_l,-39.918418,10.331136,31.106224
0,18,f_main2_l,-37.891472,12.355119,35.172047
0,19,f_main3_l,-35.226848,15.873181,33.425499
0,20,f_pointer1_l,-43.143856,14.536856,31.252608
0,21,f_pointer2_l,-42.139933,14.361754,35.568062
0,22,f_pointer3_l,-39.823041,16.825627,35.034077
0,23,scapular_l,-18.860200,54.232698,-6.054969
0,24,chest_l,-18.542551,32.406235,8.981830
0,25,zero_joint_hand_r,1.392703,28.608333,2.062269
0,26,clavicle_r,-3.478293,52.647654,6.738712
0,27,arm_r,9.159638,50.970889,20.101567
0,28,forearm_r,3.123324,22.929459,24.041691
0,29,forearm_twist_r,-5.948788,15.480162,26.168245
0,30,hand_r,-15.577112,7.572450,28.435835
0,31,weapon_r,-38.283654,13.804373,33.044000
0,32,f_big1_r,-21.646714,9.103328,28.038339
0,33,f_big2_r,-25.286190,8.701576,26.111956
0,34,f_big3_r,-26.529249,4.865258,23.725790
0,35,f_main1_r,-23.613585,-0.329761,29.339131
0,36,f_main2_r,-24.011701,1.278183,24.908172
0,37,f_main3_r,-21.293175,4.785960,24.641297
0,38,f_pointer1_r,-26.837127,3.745171,30.557302
0,39,f_pointer2_r,-28.132210,3.184413,26.222515
0,40,f_pointer3_r,-25.991729,5.743175,25.369238
0,41,scapular_r,4.889979,57.687035,19.399957
0,42,chest_r,-6.131727,34.042743,21.389220
0,43,zero_joint_pelvis_l,0.000057,0.001983,0.000327
0,44,thigh_l,-8.345405,1.178760,-3.712620
0,45,calf_l,-42.468498,-31.144986,10.355745
0,46,foot_l,-47.118509,-68.508120,-6.186299
0,47,toe_l,-59.552059,-78.585024,6.891490
0,48,back_l,-3.547577,-3.267031,-12.815429
0,51,zero_joint_pelvis_r,-0.000044,-0.000285,0.000005
0,52,thigh_r,6.926503,-0.892733,6.003644
0,53,calf_r,25.852252,-38.455662,31.261737
0,54,foot_r,27.553465,-68.540743,3.274965
0,55,toe_r,34.749686,-78.593091,19.837888
0,56,back_r,12.273543,-5.414119,-2.750486
0,57,biceps_twist_l,-23.487246,34.212990,-2.492452
0,58,biceps_twist_r,6.280618,37.530696,21.995853
0,59,thigh_twist_l,-20.824377,-11.166920,1.026937
0,60,thigh_twist_r,13.959767,-15.163420,14.839051
1,0,pelvis,1.000000,-2.500000,0.003906
1,1,stomach,1.039685,8.430671,1.489613
1,2,chest,2.011169,26.163170,1.971445
1,3,neck,-4.191275,54.509444,4.818427
1,4,head,-7.999424,67.386337,7.549595
1,5,hair,-6.400429,82.689972,8.586988
1,7,zero_joint_hand_l,2.011214,26.163095,1.971284
1,8,clavicle_l,-5.497760,49.909418,3.769239
1,9,arm_l,-19.524924,43.812033,-6.582347
1,10,forearm_l,-27.773544,17.479111,2.182406
1,11,forearm_twist_l,-28.519026,14.919129,13.810313
1,12,hand_l,-29.321949,12.207685,26.170651
1,13,weapon_l,-37.378015,9.334861,34.512415
1,14,f_big1_l,-34.123478,13.452801,29.641961
1,15,f_big2_l,-35.798195,13.661385,33.175514
1,16,f_big3_l,-35.051060,11.145841,36.530032
1,17,f_main1_l,-34.775235,3.941808,31.860360
1,18,f_main2_l,-32.829839,6.748807,35.465147
1,19,f_main3_l,-30.989601,10.523679,33.253442
1,20,f_pointer1_l,-38.706045,7.501837,31.889673
1,21,f_pointer2_l,-37.331930,8.009738,36.074966
1,22,f_pointer3_l,-35.515588,10.771055,35.173188
1,23,scapular_l,-18.341574,51.658360,-5.560009
1,24,chest_l,-17.501774,30.249395,9.850923
1,25,zero_joint_hand_r,2.011247,26.162917,1.971205
1,26,clavicle_r,-2.389771,50.307131,6.571248
1,27,arm_r,10.128301,48.296355,20.000670
1,28,forearm_r,8.944801,19.911365,25.584141
1,29,forearm_twist_r,-1.030613,13.804492,27.932477
1,30,hand_r,-11.618807,7.323591,30.435792
1,31,weapon_r,-37.348709,9.330338,34.567423
1,32,f_big1_r,-17.824177,8.089105,29.919123
1,33,f_big2_r,-21.335517,7.189478,27.924274
1,34,f_big3_r,-22.850716,4.025349,24.829791
1,35,f_main1_r,-18.429723,-1.618157,29.674479
1,36,f_main2_r,-19.724607,-1.049813,25.172602
1,37,f_main3_r,-17.830274,2.833313,24.175181
1,38,f_pointer1_r,-22.373351,1.725701,30.757111
1,39,f_pointer2_r,-24.138790,0.096991,26.877922
1,40,f_pointer3_r,-22.674484,2.910543,25.537502
1,41,scapular_r,6.516619,55.334119,18.855678
1,42,chest_r,-4.467529,31.915587,21.579252
1,43,zero_joint_pelvis_l,1.000083,-2.500015,0.003930
1,44,thigh_l,-7.307424,-1.631329,-3.875430
1,45,calf_l,-43.379529,-31.368038,11.012828
1,46,foot_l,-47.087521,-68.547426,-6.168834
1,47,toe_l,-59.570464,-78.583610,6.893205
1,48,back_l,-2.256237,-6.229486,-12.761679
1,51,zero_joint_pelvis_r,1.000273,-2.500306,0.004095
1,52,thigh_r,7.844633,-3.047594,6.141918
1,53,calf_r,28.288233,-38.861492,32.722979
1,54,foot_r,31.357264,-67.688890,3.554026
1,55,toe_r,37.302773,-78.706411,19.998809
1,56,back_r,13.440742,-7.700494,-2.385161
1,57,biceps_twist_l,-23.487243,31.172132,-2.375270
1,58,biceps_twist_r,9.574244,34.671522,22.688374
1,59,thigh_twist_l,-20.523373,-13.047061,1.186556
1,60,thigh_twist_r,15.481180,-16.690724,15.485359
2,0,pelvis,4.250000,-7.375000,0.101562
2,1,stomach,3.715092,3.609030,0.969573
2,2,chest,4.345639,21.339625,1.889264
2,3,neck,-1.294561,49.826914,4.487234
2,4,head,-5.662516,62.473969,7.445037
2,5,hair,-5.794663,77.798329,9.171521
2,7,zero_joint_hand_l,4.345739,21.339413,1.888757
2,8,clavicle_l,-2.727183,45.221880,3.649014
2,9,arm_l,-17.817752,38.526407,-4.629880
2,10,forearm_l,-27.306364,12.281175,3.079689
2,11,forearm_twist_l,-25.520177,7.521672,13.872008
2,12,hand_l,-23.630606,2.475746,25.349933
2,13,weapon_l,-34.812084,1.161619,37.473871
2,14,f_big1_l,-28.211941,2.713894,29.297147
2,15,f_big2_l,-29.529996,3.252120,32.942961
2,16,f_big3_l,-27.435846,2.245813,36.517025
2,17,f_main1_l,-24.596471,-5.230922,33.744227
2,18,f_main2_l,-23.736080,-0.897653,36.020107
2,19,f_main3_l,-23.872352,2.243181,32.469480
2,20,f_pointer1_l,-29.646281,-3.611584,33.696819
2,21,f_pointer2_l,-28.275744,-1.304960,37.227083
2,22,f_pointer3_l,-27.937446,1.428789,35.193375
2,23,scapular_l,-16.104355,46.336761,-4.990408
2,24,chest_l,-14.490517,25.875422,11.062815
2,25,zero_joint_hand_r,4.345739,21.339195,1.888580
2,26,clavicle_r,0.581386,45.642676,6.207263
2,27,arm_r,12.731033,43.606887,19.967217
2,28,forearm_r,17.408759,16.703517,29.590681
2,29,forearm_twist_r,6.897102,11.644677,32.086812
2,30,hand_r,-4.261834,6.279943,34.746945
2,31,weapon_r,-34.767574,1.175980,37.532152
2,32,f_big1_r,-10.470038,6.137217,33.853967
2,33,f_big2_r,-13.767599,4.622339,31.874704
2,34,f_big3_r,-16.434810,2.312108,28.797532
2,35,f_main1_r,-9.326430,-3.416825,32.340022
2,36,f_main2_r,-11.304397,-5.389701,28.541974
2,37,f_main3_r,-10.924416,-2.216760,25.456639
2,38,f_pointer1_r,-13.972694,-0.821102,32.762882
2,39,f_pointer2_r,-15.462581,-4.523558,30.535600
2,40,f_pointer3_r,-15.231955,-2.563711,27.713760
2,41,scapular_r,9.943417,50.856239,18.048630
2,42,chest_r,-0.616685,27.638012,21.769288
2,43,zero_joint_pelvis_l,4.250258,-7.375047,0.101655
2,44,thigh_l,-3.913687,-7.126650,-4.153578
2,45,calf_l,-43.853744,-31.233599,11.037728
2,46,foot_l,-46.853636,-68.470142,-6.158382
2,47,toe_l,-59.327545,-78.530015,6.894061
2,48,back_l,1.725297,-11.947655,-12.554931
2,51,zero_joint_pelvis_r,4.250092,-7.375265,0.101579
2,52,thigh_r,10.840858,-7.252237,6.533289
2,53,calf_r,30.043716,-41.560455,35.881633
2,54,foot_r,35.415827,-66.787305,3.850210
2,55,toe_r,40.077398,-78.732539,20.059677
2,56,back_r,17.011297,-12.081524,-1.485404
2,57,biceps_twist_l,-22.375263,25.937329,-0.929379
2,58,biceps_twist_r,14.988900,30.705525,24.593952
2,59,thigh_twist_l,-18.565865,-16.490693,1.051834
2,60,thigh_twist_r,18.089809,-20.341967,16.919050
3,0,pelvis,9.000000,-11.625000,0.382812
3,1,stomach,7.947248,-0.651320,0.780988
3,2,chest,8.033268,17.071783,2.006409
3,3,neck,2.291566,45.577539,4.137513
3,4,head,-2.657120,57.943318,7.358328
3,5,hair,-4.603133,73.082251,9.562868
3,7,zero_joint_hand_l,8.033434,17.071424,2.005565
3,8,clavicle_l,0.874374,40.953672,3.378546
3,9,arm_l,-14.130207,33.604674,-4.492254
3,10,forearm_l,-25.888657,9.242537,5.828045
3,11,forearm_twist_l,-22.882372,4.237673,16.231461
3,12,hand_l,-19.693682,-1.066381,27.298255
3,13,weapon_l,-31.117224,-3.502345,39.393115
3,14,f_big1_l,-24.227553,-1.902561,31.201627
3,15,f_big2_l,-25.767747,-1.433274,34.769045
3,16,f_big3_l,-23.008640,-1.252794,38.013548
3,17,f_main1_l,-18.206845,-7.171001,36.835630
3,18,f_main2_l,-19.125339,-2.321744,37.382799
3,19,f_main3_l,-19.701215,-1.832822,32.697235
3,20,f_pointer1_l,-23.492117,-7.520222,36.597079
3,21,f_pointer2_l,-23.375167,-3.762863,39.020635
3,22,f_pointer3_l,-23.883522,-2.669955,35.815806
3,23,scapular_l,-12.506445,41.393453,-5.328677
3,24,chest_l,-10.807036,21.690644,11.129312
3,25,zero_joint_hand_r,8.033411,17.071164,2.005295
3,26,clavicle_r,4.184788,41.429103,5.924674
3,27,arm_r,15.754344,40.623885,20.297973
3,28,forearm_r,21.455166,15.739153,33.955726
3,29,forearm_twist_r,11.162282,10.281877,36.523245
3,30,hand_r,0.234768,4.494986,39.258174
3,31,weapon_r,-31.074654,-3.484569,39.450410
3,32,f_big1_r,-5.776923,5.106828,37.604422
3,33,f_big2_r,-9.548534,4.188833,36.172270
3,34,f_big3_r,-13.632563,2.561452,34.562074
3,35,f_main1_r,-6.271700,-4.569934,38.456311
3,36,f_main2_r,-8.802544,-7.839505,36.206670
3,37,f_main3_r,-9.488933,-7.842510,31.825961
3,38,f_pointer1_r,-10.388119,-1.259687,37.682252
3,39,f_pointer2_r,-12.423796,-5.356055,37.690296
3,40,f_pointer3_r,-12.918624,-6.703158,34.558067
3,41,scapular_r,12.584880,47.606071,18.030473
3,42,chest_r,3.074589,23.682107,21.785305
3,43,zero_joint_pelvis_l,9.000427,-11.625059,0.382997
3,44,thigh_l,1.092163,-11.902720,-4.328795
3,45,calf_l,-42.112220,-30.744157,9.291426
3,46,foot_l,-47.062219,-68.532494,-6.161883
3,47,toe_l,-59.541292,-78.586938,6.889806
3,48,back_l,7.406749,-16.776222,-12.202672
3,51,zero_joint_pelvis_r,9.000180,-11.625242,0.382841
3,52,thigh_r,15.198010,-10.966102,7.163156
3,53,calf_r,31.576520,-45.021219,38.454086
3,54,foot_r,39.366480,-66.086481,4.003587
3,55,toe_r,41.908674,-78.818713,20.084422
3,56,back_r,22.020980,-15.809707,-0.298904
3,57,biceps_twist_l,-19.781269,21.915057,0.466072
3,58,biceps_twist_r,18.501913,28.694683,26.862641
3,59,thigh_twist_l,-14.828796,-19.374608,0.347179
3,60,thigh_twist_r,21.459279,-23.945764,18.276601
4,0,pelvis,16.000000,-14.250000,0.953125
4,1,stomach,14.578747,-3.311783,1.107806
4,2,chest,14.084123,14.391488,2.510288
4,3,neck,7.687211,42.797636,4.012696
4,4,head,1.998318,54.821198,7.306033
4,5,hair,-1.670574,69.614694,9.656767
4,7,zero_joint_hand_l,14.084431,14.391005,2.509168
4,8,clavicle_l,6.408567,38.141737,3.204023
4,9,arm_l,-7.808837,30.642903,-5.891450
4,10,forearm_l,-23.065393,9.793425,7.178371
4,11,forearm_twist_l,-19.733536,5.964994,17.974636
4,12,hand_l,-16.197843,1.913535,29.457633
4,13,weapon_l,-26.009153,-3.368771,40.276755
4,14,f_big1_l,-20.586857,0.042522,33.146614
4,15,f_big2_l,-22.480963,0.280891,36.563400
4,16,f_big3_l,-19.878803,1.609581,39.667507
4,17,f_main1_l,-13.804376,-2.459801,39.724349
4,18,f_main2_l,-16.202058,1.846070,39.056107
4,19,f_main3_l,-15.807653,0.745617,34.460410
4,20,f_pointer1_l,-18.675075,-4.496347,39.212800
4,21,f_pointer2_l,-20.096341,-0.504152,40.703507
4,22,f_pointer3_l,-20.262354,-0.680527,37.288082
4,23,scapular_l,-6.509505,38.540650,-6.153851
4,24,chest_l,-5.391697,18.718407,10.351191
4,25,zero_joint_hand_r,14.084415,14.390707,2.508814
4,26,clavicle_r,9.537108,38.699725,5.955008
4,27,arm_r,20.310086,39.663909,20.925246
4,28,forearm_r,22.709567,15.790483,37.129734
4,29,forearm_twist_r,12.887665,9.454908,39.518922
4,30,hand_r,2.447176,2.726206,42.067504
4,31,weapon_r,-26.000829,-3.334710,40.328425
4,32,f_big1_r,-3.114724,4.118377,39.532910
4,33,f_big2_r,-7.063224,5.052608,38.723206
4,34,f_big3_r,-11.726986,5.402408,39.013083
4,35,f_main1_r,-6.928046,-2.104192,45.958570
4,36,f_main2_r,-10.573025,-5.054772,45.725797
4,37,f_main3_r,-13.376848,-7.657427,43.476116
4,38,f_pointer1_r,-9.594461,1.538961,43.197079
4,39,f_pointer2_r,-12.945782,-0.784847,45.311739
4,40,f_pointer3_r,-15.348613,-3.244070,45.533105
4,41,scapular_r,16.123546,46.034382,18.535064
4,42,chest_r,7.728714,21.056016,21.866551
4,43,zero_joint_pelvis_l,16.000561,-14.250061,0.953417
4,44,thigh_l,8.463829,-14.843908,-4.306215
4,45,calf_l,-36.723415,-30.665722,6.413489
4,46,foot_l,-46.973591,-68.455886,-6.160415
4,47,toe_l,-59.483276,-78.473898,6.889984
4,48,back_l,15.477103,-19.612723,-11.633925
4,51,zero_joint_pelvis_r,16.000253,-14.250219,0.953171
4,52,thigh_r,21.671262,-13.303514,8.147867
4,53,calf_r,33.206035,-48.501794,40.321753
4,54,foot_r,43.651969,-65.287795,4.260995
4,55,toe_r,44.021858,-78.635116,20.036860
4,56,back_r,29.160835,-18.020700,1.266717
4,57,biceps_twist_l,-15.139495,20.642921,0.387765
4,58,biceps_twist_r,21.471016,28.228128,28.710366
4,59,thigh_twist_l,-8.177065,-21.210915,-0.680760
4,60,thigh_twist_r,26.189899,-26.699103,19.607502
5,0,pelvis,25.000000,-15.437500,1.917969
5,1,stomach,23.370041,-4.528234,2.058089
5,2,chest,22.418142,13.144292,3.605064
5,3,neck,15.021231,41.339420,4.243336
5,4,head,8.371204,52.933986,7.263072
5,5,hair,3.141414,67.285921,9.385685
5,7,zero_joint_hand_l,22.418673,13.143713,3.603750
5,8,clavicle_l,13.978109,36.642354,3.339641
5,9,arm_l,0.687785,30.194076,-7.745561
5,10,forearm_l,-19.041320,13.337362,5.095663
5,11,forearm_twist_l,-15.737364,11.027403,16.315248
5,12,hand_l,-12.231239,8.590708,28.246142
5,13,weapon_l,-19.978479,0.461605,40.369315
5,14,f_big1_l,-15.717455,5.346970,31.981152
5,15,f_big2_l,-17.943588,5.098421,35.185974
5,16,f_big3_l,-17.379378,7.316202,38.782559
5,17,f_main1_l,-8.967812,6.446219,38.986977
5,18,f_main2_l,-12.985601,9.344575,39.379398
5,19,f_main3_l,-14.500138,9.715198,34.904783
5,20,f_pointer1_l,-12.491270,2.509484,38.526726
5,21,f_pointer2_l,-15.004532,5.339685,40.836515
5,22,f_pointer3_l,-16.477582,6.287699,37.894543
5,23,scapular_l,1.694867,38.073948,-6.768798
5,24,chest_l,2.112916,16.882434,9.369293
5,25,zero_joint_hand_r,22.418699,13.143384,3.603326
5,26,clavicle_r,16.787529,37.309160,6.393993
5,27,arm_r,26.788928,39.431357,21.774598
5,28,forearm_r,23.026324,16.681563,39.283829
5,29,forearm_twist_r,13.156843,10.231732,41.153843
5,30,hand_r,2.677485,3.391814,43.147587
5,31,weapon_r,-19.987256,0.485450,40.431296
5,32,f_big1_r,-2.646268,5.761141,40.836528
5,33,f_big2_r,-5.813628,8.364476,40.309843
5,34,f_big3_r,-9.904461,10.162937,41.706690
5,35,f_main1_r,-6.974876,2.648871,48.965978
5,36,f_main2_r,-11.110210,0.451542,48.883251
5,37,f_main3_r,-15.048298,-1.390283,47.991432
5,38,f_pointer1_r,-8.646235,6.668860,45.870583
5,39,f_pointer2_r,-12.379505,5.203376,48.118719
5,40,f_pointer3_r,-15.286918,4.224410,49.686822
5,41,scapular_r,22.154208,45.376255,19.108563
5,42,chest_r,13.897323,19.676414,22.157272
5,43,zero_joint_pelvis_l,25.000649,-15.437568,1.918385
5,44,thigh_l,17.986689,-16.097452,-4.013532
5,45,calf_l,-27.460488,-33.380762,2.541639
5,46,foot_l,-46.961067,-68.530538,-6.146646
5,47,toe_l,-59.469817,-78.522075,6.924929
5,48,back_l,25.724808,-20.654235,-10.720259
5,51,zero_joint_pelvis_r,25.000308,-15.437700,1.918042
5,52,thigh_r,29.973827,-14.480985,9.610183
5,53,calf_r,34.019746,-51.896949,41.087239
5,54,foot_r,47.905352,-64.750732,4.573737
5,55,toe_r,46.096288,-78.507191,19.892119
5,56,back_r,38.144545,-18.983365,3.392168
5,57,biceps_twist_l,-8.795259,22.109560,-1.573327
5,58,biceps_twist_r,24.991402,28.529519,30.192961
5,59,thigh_twist_l,1.296957,-23.001848,-1.919682
5,60,thigh_twist_r,31.759413,-28.707552,20.842674
6,0,pelvis,35.750000,-14.875000,3.333984
6,1,stomach,34.071583,-3.978360,3.700894
6,2,chest,32.851064,13.666831,5.366728
6,3,neck,24.320757,41.542252,4.835971
6,4,head,16.606470,52.617207,7.204680
6,5,hair,10.190892,66.562242,8.691483
6,7,zero_joint_hand_l,32.851865,13.666191,5.365321
6,8,clavicle_l,23.577604,36.801433,3.866102
6,9,arm_l,10.971756,33.057414,-9.101923
6,10,forearm_l,-13.471220,19.543665,-1.472839
6,11,forearm_twist_l,-10.362816,18.391343,9.986980
6,12,hand_l,-7.063474,17.183389,22.170157
6,13,weapon_l,-12.406424,7.965560,39.802136
6,14,f_big1_l,-7.236276,12.390693,25.943628
6,15,f_big2_l,-9.022903,10.497170,28.860962
6,16,f_big3_l,-11.222657,9.500406,32.369010
6,17,f_main1_l,-2.669253,17.840704,32.691457
6,18,f_main2_l,-5.308552,17.435054,36.873449
6,19,f_main3_l,-8.826040,15.822340,39.630986
6,20,f_pointer1_l,-2.521549,12.562367,32.199088
6,21,f_pointer2_l,-2.927524,13.166285,36.425658
6,22,f_pointer3_l,-5.204848,13.303558,38.976222
6,23,scapular_l,12.107197,40.571758,-6.589678
6,24,chest_l,11.877899,16.612695,8.675025
6,25,zero_joint_hand_r,32.851957,13.665836,5.364851
6,26,clavicle_r,25.980575,37.599529,7.220935
6,27,arm_r,35.790135,39.674600,22.730975
6,28,forearm_r,24.745829,19.235472,40.009540
6,29,forearm_twist_r,14.124732,13.828404,40.687668
6,30,hand_r,2.846273,8.097382,41.414447
6,31,weapon_r,-12.440589,7.994739,39.841415
6,32,f_big1_r,-1.535322,11.791533,38.877908
6,33,f_big2_r,-4.082748,14.917773,37.970000
6,34,f_big3_r,-8.411304,16.557587,38.699249
6,35,f_main1_r,-7.277863,9.299932,46.310465
6,36,f_main2_r,-11.215348,7.690910,44.350017
6,37,f_main3_r,-14.396987,6.504528,41.498497
6,38,f_pointer1_r,-7.506196,13.953176,43.583770
6,39,f_pointer2_r,-11.784366,12.365331,44.176207
6,40,f_pointer3_r,-14.987838,11.102534,44.179659
6,41,scapular_r,31.835032,45.870966,19.565816
6,42,chest_r,21.960317,19.957330,22.723783
6,43,zero_joint_pelvis_l,35.750680,-14.875097,3.334535
6,44,thigh_l,29.456946,-15.306325,-3.375284
6,45,calf_l,-17.741570,-23.550339,7.182426
6,46,foot_l,-21.034839,-61.993131,-7.050342
6,47,toe_l,-29.741873,-77.230946,3.865806
6,48,back_l,37.923324,-19.607554,-9.328672
6,51,zero_joint_pelvis_r,35.750341,-14.875191,3.334095
6,52,thigh_r,39.816111,-14.213549,11.571326
6,53,calf_r,32.519235,-53.546632,39.975429
6,54,foot_r,50.852310,-65.031433,5.000248
6,55,toe_r,46.016381,-78.500443,19.912165
6,56,back_r,48.656688,-18.479160,6.154265
6,57,biceps_twist_l,-0.775178,26.581176,-5.434234
6,58,biceps_twist_r,30.496326,29.882709,31.040279
6,59,thigh_twist_l,12.002107,-18.899377,0.232874
6,60,thigh_twist_r,37.419176,-29.153429,21.682629
7,0,pelvis,47.750000,-12.687500,5.048828
7,1,stomach,46.081557,-1.811582,5.835716
7,2,chest,44.515889,15.811451,7.446558
7,3,neck,35.222876,43.397100,5.785597
7,4,head,26.762557,54.092905,7.126638
7,5,hair,20.015460,67.952412,7.600939
7,7,zero_joint_hand_l,44.516943,15.810787,7.445153
7,8,clavicle_l,34.747658,38.633171,4.762086
7,9,arm_l,23.233910,38.702991,-9.678256
7,10,forearm_l,-4.322490,30.050786,-7.661421
7,11,forearm_twist_l,-1.938783,29.616396,4.019620
7,12,hand_l,0.592422,29.170135,16.436078
7,13,weapon_l,-3.338802,18.971785,38.973770
7,14,f_big1_l,3.078726,24.978794,20.208254
7,15,f_big2_l,2.185463,22.203936,22.817043
7,16,f_big3_l,1.070845,18.700092,24.974013
7,17,f_main1_l,5.587000,32.349260,26.211483
7,18,f_main2_l,6.599014,32.804146,31.051653
7,19,f_main3_l,9.593069,33.508147,34.676721
7,20,f_pointer1_l,8.072718,27.703734,25.625268
7,21,f_pointer2_l,10.029489,29.537645,28.737077
7,22,f_pointer3_l,11.975415,31.236757,30.984339
7,23,scapular_l,24.765669,45.464588,-5.671185
7,24,chest_l,23.218312,18.086875,8.300143
7,25,zero_joint_hand_r,44.517108,15.810419,7.444664
7,26,clavicle_r,36.720302,39.513642,8.367546
7,27,arm_r,47.532815,41.146651,23.251012
7,28,forearm_r,29.331054,25.201009,39.148051
7,29,forearm_twist_r,18.111674,21.125493,39.007972
7,30,hand_r,6.198129,16.810062,38.863195
7,31,weapon_r,-3.396801,18.970889,38.996309
7,32,f_big1_r,2.951314,21.364375,36.032389
7,33,f_big2_r,0.560065,24.190522,34.193384
7,34,f_big3_r,-4.036270,24.694375,33.458215
7,35,f_main1_r,-4.386637,19.235939,42.044831
7,36,f_main2_r,-6.773645,18.002878,38.213214
7,37,f_main3_r,-6.362478,17.182803,33.875022
7,38,f_pointer1_r,-3.429408,24.060672,39.830745
7,39,f_pointer2_r,-7.352638,22.392393,38.088321
7,40,f_pointer3_r,-8.660319,20.668735,35.407030
7,41,scapular_r,44.307292,47.625688,19.851797
7,42,chest_r,31.501806,21.778150,23.398703
7,43,zero_joint_pelvis_l,47.750653,-12.687647,5.049503
7,44,thigh_l,42.352842,-12.662963,-2.412517
7,45,calf_l,-4.702650,-19.798624,9.503520
7,46,foot_l,5.046160,-55.960281,-7.483559
7,47,toe_l,0.833096,-74.728182,0.078299
7,48,back_l,51.486180,-16.711022,-7.493688
7,51,zero_joint_pelvis_r,47.750350,-12.687694,5.048980
7,52,thigh_r,50.746096,-12.544801,13.756753
7,53,calf_r,31.953777,-51.623670,36.709306
7,54,foot_r,54.992951,-66.176784,5.908835
7,55,toe_r,46.203013,-78.527472,19.957437
7,56,back_r,60.183058,-16.592237,9.255887
7,57,biceps_twist_l,10.008258,34.568679,-8.709044
7,58,biceps_twist_r,38.803076,33.512755,30.897280
7,59,thigh_twist_l,24.917546,-15.853377,1.710670
7,60,thigh_twist_r,44.108950,-27.425638,21.896899
8,0,pelvis,59.500000,-9.000000,6.924805
8,1,stomach,57.793042,1.832690,8.119624
8,2,chest,55.632663,19.419243,9.409335
8,3,neck,46.273997,46.943905,7.196807
8,4,head,37.678601,57.615941,7.246124
8,5,hair,31.672512,71.799945,6.487735
8,7,zero_joint_hand_l,55.633870,19.418610,9.408036
8,8,clavicle_l,45.960462,42.193289,6.055703
8,9,arm_l,36.490294,46.100011,-9.311411
8,10,forearm_l,7.644333,43.796307,-8.369640
8,11,forearm_twist_l,8.828427,44.946013,3.445332
8,12,hand_l,10.087687,46.183289,16.001526
8,13,weapon_l,5.927794,32.298733,38.159873
8,14,f_big1_l,11.935344,43.474681,21.262949
8,15,f_big2_l,10.185985,41.318336,24.018576
8,16,f_big3_l,7.684143,39.882694,27.152014
8,17,f_main1_l,14.226616,52.439701,24.623279
8,18,f_main2_l,13.587745,53.794724,29.357636
8,19,f_main3_l,14.776164,54.817645,33.851357
8,20,f_pointer1_l,16.538727,47.850566,25.926330
8,21,f_pointer2_l,17.250287,50.238915,29.005654
8,22,f_pointer3_l,17.736360,52.489278,31.534820
8,23,scapular_l,38.576771,51.919584,-4.225871
8,24,chest_l,34.341270,21.489045,8.036263
8,25,zero_joint_hand_r,55.634091,19.418251,9.407559
8,26,clavicle_r,47.531062,43.032192,9.862978
8,27,arm_r,60.460536,44.658747,22.950290
8,28,forearm_r,37.979034,34.838209,38.326327
8,29,forearm_twist_r,26.320383,32.285790,38.071464
8,30,hand_r,13.941791,29.588715,37.801800
8,31,weapon_r,5.859697,32.289208,38.163155
8,32,f_big1_r,11.123578,34.311565,34.790392
8,33,f_big2_r,8.349897,36.178306,32.359535
8,34,f_big3_r,3.876426,34.888282,31.829342
8,35,f_main1_r,3.313303,32.500187,40.283973
8,36,f_main2_r,2.733254,30.981715,35.899821
8,37,f_main3_r,6.442072,30.332277,33.543177
8,38,f_pointer1_r,4.560815,37.232020,38.080019
8,39,f_pointer2_r,1.812136,35.224607,34.971640
8,40,f_pointer3_r,3.918094,33.872888,32.606329
8,41,scapular_r,56.971541,51.159188,19.856054
8,42,chest_r,40.940951,25.006448,23.982433
8,43,zero_joint_pelvis_l,59.500556,-9.000195,6.925555
8,44,thigh_l,55.169897,-8.473828,-1.185367
8,45,calf_l,8.858643,-20.279820,9.905854
8,46,foot_l,30.434575,-50.591558,-7.613944
8,47,toe_l,31.461909,-70.958251,-4.251189
8,48,back_l,64.890433,-12.338245,-5.210342
8,51,zero_joint_pelvis_r,59.500326,-9.000206,6.924992
8,52,thigh_r,61.282442,-9.400468,15.951845
8,53,calf_r,32.802025,-45.971269,32.031994
8,54,foot_r,57.715420,-67.244399,7.171538
8,55,toe_r,46.078349,-78.542191,19.981853
8,56,back_r,71.224708,-13.301783,12.542025
8,57,biceps_twist_l,22.634068,45.010995,-8.860701
8,58,biceps_twist_r,49.677996,39.966157,30.343973
8,59,thigh_twist_l,38.100700,-13.386129,2.628503
8,60,thigh_twist_r,51.072029,-23.384946,21.602935
9,0,pelvis,71.250000,-4.437500,9.392578
9,1,stomach,69.552760,6.424728,10.298032
9,2,chest,66.891277,23.978336,10.934261
9,3,neck,57.963747,51.682647,9.243904
9,4,head,49.717439,62.599553,8.472416
9,5,hair,44.546059,77.044959,6.916360
9,7,zero_joint_hand_l,66.892376,23.977871,10.933302
9,8,clavicle_l,57.772472,47.010053,7.795639
9,9,arm_l,49.704643,52.320336,-7.946209
9,10,forearm_l,21.281073,56.770380,-4.693332
9,11,forearm_twist_l,20.812660,60.598028,6.579406
9,12,hand_l,20.316654,64.690467,18.586778
9,13,weapon_l,16.174320,47.521969,37.483317
9,14,f_big1_l,21.410363,64.066668,24.501791
9,15,f_big2_l,19.171454,62.726071,27.421422
9,16,f_big3_l,16.464230,64.704693,30.047201
9,17,f_main1_l,22.847938,73.737693,25.108260
9,18,f_main2_l,19.076331,74.182607,28.307535
9,19,f_main3_l,15.530212,72.893703,31.186999
9,20,f_pointer1_l,24.863874,69.996622,28.275727
9,21,f_pointer2_l,22.802528,71.861649,30.988802
9,22,f_pointer3_l,19.745467,72.130453,32.502921
9,23,scapular_l,52.913385,57.731246,-2.989961
9,24,chest_l,45.926128,26.349996,7.147442
9,25,zero_joint_hand_r,66.892612,23.977572,10.932923
9,26,clavicle_r,58.878269,47.609975,11.806105
9,27,arm_r,72.677463,50.373775,23.765971
9,28,forearm_r,49.193195,45.760036,40.059714
9,29,forearm_twist_r,37.296191,45.529645,39.207853
9,30,hand_r,24.650990,45.296826,38.302746
9,31,weapon_r,16.123591,47.504708,37.449048
9,32,f_big1_r,21.707653,49.619127,34.840291
9,33,f_big2_r,18.491957,50.436202,32.368284
9,34,f_big3_r,14.490704,48.074527,32.976161
9,35,f_main1_r,13.875439,47.982465,40.363970
9,36,f_main2_r,14.434394,45.928451,36.187693
9,37,f_main3_r,18.874982,45.948770,36.079423
9,38,f_pointer1_r,14.935844,52.483668,37.686150
9,39,f_pointer2_r,13.206497,49.956860,34.256321
9,40,f_pointer3_r,16.572318,49.575919,33.637410
9,41,scapular_r,68.857846,56.586514,20.487659
9,42,chest_r,50.575300,28.864996,23.948364
9,43,zero_joint_pelvis_l,71.250320,-4.437668,9.393263
9,44,thigh_l,68.607629,-3.803791,0.593654
9,45,calf_l,23.574102,-22.977577,3.981312
9,46,foot_l,55.789887,-45.803344,-7.524911
9,47,toe_l,62.084202,-65.441920,-8.893714
9,48,back_l,78.852198,-7.855224,-1.469753
9,51,zero_joint_pelvis_r,71.250223,-4.437727,9.392775
9,52,thigh_r,71.217083,-4.895944,18.591099
9,53,calf_r,37.418067,-39.466421,26.936008
9,54,foot_r,60.238987,-68.534730,8.894262
9,55,toe_r,46.002905,-78.587578,20.004615
9,56,back_r,81.557518,-8.990261,17.174153
9,57,biceps_twist_l,36.054361,54.471451,-6.388485
9,58,biceps_twist_r,61.411184,48.175609,31.602178
9,59,thigh_twist_l,52.135406,-11.435983,1.602403
9,60,thigh_twist_r,59.065460,-18.159465,21.449324
10,0,pelvis,82.750000,0.437500,12.667969
10,1,stomach,81.222501,11.355839,12.287067
10,2,chest,78.658524,28.931069,11.893662
10,3,neck,70.576380,56.944740,11.902351
10,4,head,62.973191,68.327517,11.270254
10,5,hair,57.868107,82.814795,9.895078
10,7,zero_joint_hand_l,78.659095,28.930875,11.893276
10,8,clavicle_l,70.528060,52.459151,9.943039
10,9,arm_l,62.024717,55.876269,-6.091647
10,10,forearm_l,36.970312,69.065801,-0.042142
10,11,forearm_twist_l,33.852741,74.699402,10.000804
10,12,hand_l,30.545893,80.697662,20.671332
10,13,weapon_l,27.716139,63.163297,36.368560
10,14,f_big1_l,33.730706,82.636674,25.000438
10,15,f_big2_l,33.434597,82.593552,28.904875
10,16,f_big3_l,32.116069,85.852147,31.302515
10,17,f_main1_l,30.810678,91.768927,23.525523
10,18,f_main2_l,28.027368,90.037774,27.260950
10,19,f_main3_l,26.169990,85.967635,28.802205
10,20,f_pointer1_l,34.925251,90.181091,26.468667
10,21,f_pointer2_l,32.717566,90.554581,29.629225
10,22,f_pointer3_l,30.687845,87.981903,30.615121
10,23,scapular_l,66.840305,61.362005,-2.779138
10,24,chest_l,58.562712,32.390948,5.282182
10,25,zero_joint_hand_r,78.659260,28.930666,11.893099
10,26,clavicle_r,71.017455,52.598049,14.113510
10,27,arm_r,82.609670,57.860616,27.493371
10,28,forearm_r,59.029591,54.845970,44.021385
10,29,forearm_twist_r,47.826905,58.385363,41.950156
10,30,hand_r,35.936814,62.152118,39.755663
10,31,weapon_r,27.682660,63.137733,36.322506
10,32,f_big1_r,33.075058,65.712901,35.467168
10,33,f_big2_r,30.091078,65.868430,32.605305
10,34,f_big3_r,26.280344,63.170440,33.043982
10,35,f_main1_r,24.822463,64.119578,40.352684
10,36,f_main2_r,25.873998,61.610861,36.511230
10,37,f_main3_r,30.302191,61.852291,36.764248
10,38,f_pointer1_r,25.848005,68.312260,37.216940
10,39,f_pointer2_r,24.624842,65.360804,33.937777
10,40,f_pointer3_r,28.055822,65.129744,33.759036
10,41,scapular_r,79.476083,63.261457,22.497614
10,42,chest_r,60.630786,32.974108,22.763609
10,43,zero_joint_pelvis_l,82.750044,0.437448,12.668321
10,44,thigh_l,82.904077,0.449404,3.459909
10,45,calf_l,57.069262,-37.680151,-13.446547
10,46,foot_l,93.475348,-54.373535,-4.108805
10,47,toe_l,100.482309,-72.754991,-10.448387
10,48,back_l,93.153025,-3.861687,4.872888
10,51,zero_joint_pelvis_r,82.750056,0.437246,12.668093
10,52,thigh_r,79.932786,0.661017,21.433398
10,53,calf_r,44.736709,-33.304607,25.267654
10,54,foot_r,63.301940,-68.420883,14.616598
10,55,toe_r,46.157997,-78.598863,20.062664
10,56,back_r,90.075933,-3.646281,23.492698
10,57,biceps_twist_l,49.993649,62.217534,-3.188955
10,58,biceps_twist_r,71.300194,56.418766,35.442190
10,59,thigh_twist_l,73.835558,-14.040938,-2.782108
10,60,thigh_twist_r,67.295709,-12.392519,22.722768
11,0,pelvis,93.000000,4.937500,14.929688
11,1,stomach,91.742699,15.795709,13.444099
11,2,chest,90.071962,33.448052,12.339184
11,3,neck,84.087692,61.940152,13.912607
11,4,head,77.514872,73.960643,13.627142
11,5,hair,73.367441,88.800778,12.991974
11,7,zero_joint_hand_l,90.070045,33.447523,12.341198
11,8,clavicle_l,83.907437,57.633660,11.591306
11,9,arm_l,76.151292,60.773747,-4.873104
11,10,forearm_l,56.841639,78.977664,6.704382
11,11,forearm_twist_l,50.303645,86.265976,13.506313
11,12,hand_l,43.356490,94.031569,20.745466
11,13,weapon_l,40.404027,77.395803,35.038563
11,14,f_big1_l,47.455474,97.487026,21.995359
11,15,f_big2_l,48.910294,99.247200,25.176462
11,16,f_big3_l,48.819701,103.318812,26.422493
11,17,f_main1_l,41.812218,105.318120,21.559139
11,18,f_main2_l,41.565205,103.359619,26.115624
11,19,f_main3_l,41.229739,98.805609,27.422966
11,20,f_pointer1_l,47.045371,105.272358,22.411347
11,21,f_pointer2_l,46.462992,105.435425,26.251276
11,22,f_pointer3_l,45.728813,102.286310,27.377267
11,23,scapular_l,81.531414,65.897990,-1.855771
11,24,chest_l,71.034534,39.000315,4.186645
11,25,zero_joint_hand_r,90.072010,33.447876,12.339168
11,26,clavicle_r,83.989027,57.418101,15.790297
11,27,arm_r,91.507409,63.730999,31.433697
11,28,forearm_r,66.144969,61.967944,45.287280
11,29,forearm_twist_r,56.804476,69.060895,43.104919
11,30,hand_r,46.892136,76.597012,40.796032
11,31,weapon_r,40.377528,77.362776,34.994330
11,32,f_big1_r,45.171894,80.278898,36.015008
11,33,f_big2_r,43.129060,80.734792,32.455156
11,34,f_big3_r,39.366802,78.192258,31.298740
11,35,f_main1_r,35.974394,78.686887,38.727652
11,36,f_main2_r,37.467843,76.270437,34.940207
11,37,f_main3_r,41.872805,75.914414,35.388490
11,38,f_pointer1_r,37.769984,82.951943,36.069739
11,39,f_pointer2_r,36.937456,80.273025,32.481319
11,40,f_pointer3_r,40.278866,79.441271,32.468299
11,41,scapular_r,90.346450,68.643371,25.240532
11,42,chest_r,71.394940,38.097850,21.785103
11,43,zero_joint_pelvis_l,92.999774,4.939479,14.929415
11,44,thigh_l,95.772693,4.372902,6.165430
11,45,calf_l,101.960341,-38.774552,-16.354319
11,46,foot_l,131.401213,-62.364016,0.017542
11,47,toe_l,138.330872,-78.034076,-11.540778
11,48,back_l,105.154650,0.252654,10.709414
11,51,zero_joint_pelvis_r,92.999977,4.937212,14.929697
11,52,thigh_r,87.803169,5.683797,22.496268
11,53,calf_r,53.351414,-29.247187,22.674601
11,54,foot_r,63.821103,-68.466644,16.080250
11,55,toe_r,46.227532,-78.548080,20.079825
11,56,back_r,96.899207,1.609562,27.627669
11,57,biceps_twist_l,66.882548,69.513255,0.683689
11,58,biceps_twist_r,79.346603,62.880170,38.092569
11,59,thigh_twist_l,98.562541,-11.706345,-1.816441
11,60,thigh_twist_r,75.467657,-7.717229,22.494714
12,0,pelvis,101.500000,8.062500,14.738281
12,1,stomach,100.582942,18.978585,13.439600
12,2,chest,99.938861,36.699349,12.354655
12,3,neck,97.291485,65.694839,13.884321
12,4,head,92.252118,78.437195,13.771240
12,5,hair,91.536832,93.834100,13.901643
12,7,zero_joint_hand_l,99.938777,36.699372,12.354708
12,8,clavicle_l,96.541261,61.425976,11.608299
12,9,arm_l,93.711902,69.804242,-4.605711
12,10,forearm_l,73.845875,88.092524,5.842406
12,11,forearm_twist_l,66.865175,95.688609,11.832965
12,12,hand_l,59.455589,103.771746,18.199712
12,13,weapon_l,53.392547,88.392960,33.660188
12,14,f_big1_l,63.131001,107.628216,19.491237
12,15,f_big2_l,64.475977,109.422222,22.699266
12,16,f_big3_l,64.050223,113.407061,24.152446
12,17,f_main1_l,56.503285,114.643777,20.074687
12,18,f_main2_l,56.753497,112.223080,24.403189
12,19,f_main3_l,57.003916,107.527835,25.119541
12,20,f_pointer1_l,61.734009,115.224180,20.727338
12,21,f_pointer2_l,61.338472,114.921552,24.585570
12,22,f_pointer3_l,61.047788,111.589167,25.316674
12,23,scapular_l,97.299869,73.694019,1.414526
12,24,chest_l,81.383308,44.337876,4.812169
12,25,zero_joint_hand_r,99.938791,36.699216,12.354716
12,26,clavicle_r,96.745601,61.222514,15.803782
12,27,arm_r,100.888226,65.224432,33.351375
12,28,forearm_r,74.347522,68.483289,44.453372
12,29,forearm_twist_r,65.933389,76.730322,42.531721
12,30,hand_r,57.017898,85.481040,40.502022
12,31,weapon_r,53.371769,88.356345,33.640082
12,32,f_big1_r,57.598824,90.554892,36.859526
12,33,f_big2_r,57.399476,92.303438,33.119390
12,34,f_big3_r,54.641637,90.763803,29.652868
12,35,f_main1_r,48.181029,89.483770,34.692194
12,36,f_main2_r,51.187856,88.095653,31.319869
12,37,f_main3_r,55.002251,87.014209,33.331584
12,38,f_pointer1_r,50.931037,94.054321,34.555742
12,39,f_pointer2_r,51.771486,92.674295,30.301317
12,40,f_pointer3_r,54.800542,91.401081,31.331249
12,41,scapular_r,102.139860,70.599671,27.578705
12,42,chest_r,82.256501,43.483721,22.397085
12,43,zero_joint_pelvis_l,101.498265,8.062536,14.737033
12,44,thigh_l,105.510212,7.725692,6.454421
12,45,calf_l,114.518933,-35.531092,-14.872147
12,46,foot_l,136.222066,-65.571756,2.954746
12,47,toe_l,139.739250,-78.690996,-12.623465
12,48,back_l,114.083900,3.327701,12.177448
12,51,zero_joint_pelvis_r,101.499970,8.062207,14.738257
12,52,thigh_r,95.267848,8.653696,21.493105
12,53,calf_r,62.400219,-27.770409,21.129167
12,54,foot_r,63.857081,-68.552836,16.036347
12,55,toe_r,46.237096,-78.565244,20.092642
12,56,back_r,103.480530,4.289629,27.752125
12,57,biceps_twist_l,84.170226,78.588442,0.412061
12,58,biceps_twist_r,88.159349,66.781073,38.690123
12,59,thigh_twist_l,109.223229,-8.434603,-0.968201
12,60,thigh_twist_r,83.529672,-5.292612,21.301921
13,0,pelvis,104.000000,8.875000,14.433594
13,1,stomach,103.164920,19.818974,13.328811
13,2,chest,102.828544,37.552682,12.318911
13,3,neck,101.345977,66.645358,13.545738
13,4,head,96.800448,79.572425,13.614611
13,5,hair,97.441672,94.969106,13.967269
13,7,zero_joint_hand_l,102.827806,37.552923,12.319729
13,8,clavicle_l,100.377462,62.383209,11.342058
13,9,arm_l,99.534634,72.627962,-4.001651
13,10,forearm_l,78.087266,90.787930,2.963220
13,11,forearm_twist_l,71.939598,98.436480,9.760999
13,12,hand_l,65.423857,106.564273,16.976299
13,13,weapon_l,58.019498,91.619894,33.125609
13,14,f_big1_l,68.960120,110.426233,18.620402
13,15,f_big2_l,70.202630,112.000676,21.979101
13,16,f_big3_l,69.588697,115.836809,23.724341
13,17,f_main1_l,62.126175,117.209428,19.472853
13,18,f_main2_l,62.359108,114.553378,23.657429
13,19,f_main3_l,62.755881,109.842065,24.152018
13,20,f_pointer1_l,67.325203,117.884058,20.264118
13,21,f_pointer2_l,66.862259,117.348583,24.088515
13,22,f_pointer3_l,66.663001,113.977154,24.652042
13,23,scapular_l,102.306374,75.760222,2.827428
13,24,chest_l,84.410332,45.823241,5.112751
13,25,zero_joint_hand_r,102.828505,37.552533,12.318947
13,26,clavicle_r,100.672315,62.220410,15.533194
13,27,arm_r,103.926992,65.186633,33.469285
13,28,forearm_r,77.532374,70.415047,44.159059
13,29,forearm_twist_r,69.368015,78.891855,42.161335
13,30,hand_r,60.718223,87.886695,40.050726
13,31,weapon_r,58.001719,91.566289,33.101468
13,32,f_big1_r,61.929045,93.205480,36.948803
13,33,f_big2_r,62.319931,95.222355,33.366492
13,34,f_big3_r,60.073845,94.010679,29.441360
13,35,f_main1_r,52.927812,92.576244,33.316366
13,36,f_main2_r,56.408797,91.346340,30.352510
13,37,f_main3_r,59.813766,90.017343,32.869784
13,38,f_pointer1_r,55.745782,97.060727,33.952516
13,39,f_pointer2_r,57.217070,95.967525,29.787045
13,40,f_pointer3_r,60.013450,94.546539,31.202891
13,41,scapular_r,105.889454,70.702505,28.025634
13,42,chest_r,85.664706,45.139829,22.681331
13,43,zero_joint_pelvis_l,103.998862,8.875767,14.432696
13,44,thigh_l,108.229168,8.683199,6.254644
13,45,calf_l,119.041830,-35.285689,-12.638533
13,46,foot_l,138.607847,-67.283983,4.229953
13,47,toe_l,140.331332,-78.708617,-12.906938
13,48,back_l,116.628163,4.131959,12.116366
13,51,zero_joint_pelvis_r,103.999970,8.874710,14.433570
13,52,thigh_r,97.591601,9.362252,21.029956
13,53,calf_r,65.428245,-27.685676,20.716051
13,54,foot_r,63.795056,-68.509495,16.024137
13,55,toe_r,46.179705,-78.529813,20.081024
13,56,back_r,105.614747,4.835444,27.417891
13,57,biceps_twist_l,89.227891,81.355651,-0.655066
13,58,biceps_twist_r,91.274899,67.687117,38.607848
13,59,thigh_twist_l,112.565689,-7.723466,-0.230175
13,60,thigh_twist_r,86.133340,-4.795077,20.854896
14,0,pelvis,106.000000,9.312500,14.109375
14,1,stomach,105.210729,20.277904,13.200837
14,2,chest,105.109235,38.018900,12.271221
14,3,neck,104.558804,67.156294,13.163524
14,4,head,100.394730,80.208882,13.420580
14,5,hair,102.172726,95.511734,13.925326
14,7,zero_joint_hand_l,105.107561,38.018796,12.273228
14,8,clavicle_l,103.408597,62.900242,11.037009
14,9,arm_l,104.181896,74.525480,-3.293050
14,10,forearm_l,82.079412,92.809078,0.640615
14,11,forearm_twist_l,76.578191,100.414270,8.003706
14,12,hand_l,70.741617,108.505515,15.829348
14,13,weapon_l,62.205121,93.939838,32.617834
14,14,f_big1_l,74.203433,112.267164,17.859112
14,15,f_big2_l,75.362056,113.561761,21.364129
14,16,f_big3_l,74.604350,117.219726,23.401485
14,17,f_main1_l,67.307067,118.966878,18.890627
14,18,f_main2_l,67.437998,116.095575,22.935129
14,19,f_main3_l,67.887584,111.377628,23.258449
14,20,f_pointer1_l,72.481622,119.618413,19.855921
14,21,f_pointer2_l,71.914671,118.880783,23.632103
14,22,f_pointer3_l,71.734396,115.490314,24.059478
14,23,scapular_l,106.278077,76.973242,4.041638
14,24,chest_l,86.796952,46.775350,5.374937
14,25,zero_joint_hand_r,105.109242,38.018722,12.271214
14,26,clavicle_r,103.793288,62.778589,15.221118
14,27,arm_r,106.517226,64.867628,33.368041
14,28,forearm_r,80.498070,71.720311,44.060453
14,29,forearm_twist_r,72.589954,80.384673,41.848109
14,30,hand_r,64.212888,89.579080,39.509653
14,31,weapon_r,62.182459,93.891032,32.589663
14,32,f_big1_r,65.883611,95.015418,36.861166
14,33,f_big2_r,66.706892,97.188299,33.442596
14,34,f_big3_r,64.845673,96.212763,29.254451
14,35,f_main1_r,57.339026,94.829420,32.227502
14,36,f_main2_r,61.121336,93.635091,29.642533
14,37,f_main3_r,64.127882,92.093708,32.520298
14,38,f_pointer1_r,60.170148,99.192623,33.414292
14,39,f_pointer2_r,62.105533,98.250175,29.400250
14,40,f_pointer3_r,64.655544,96.697278,31.111832
14,41,scapular_r,108.968733,70.482064,28.226892
14,42,chest_r,88.428705,46.262819,22.917181
14,43,zero_joint_pelvis_l,105.999739,9.314349,14.109119
14,44,thigh_l,110.313300,9.259290,5.972459
14,45,calf_l,122.594509,-35.402511,-10.202349
14,46,foot_l,140.823249,-68.864039,5.267129
14,47,toe_l,140.971969,-78.611277,-12.957441
14,48,back_l,118.637444,4.572574,11.834848
14,51,zero_joint_pelvis_r,105.999971,9.312213,14.109358
14,52,thigh_r,99.525090,9.697892,20.647276
14,53,calf_r,67.909867,-27.819586,20.434164
14,54,foot_r,63.856867,-68.508578,16.047278
14,55,toe_r,46.254426,-78.557763,20.088770
14,56,back_r,107.467313,5.025960,27.031846
14,57,biceps_twist_l,93.560632,83.312912,-1.403362
14,58,biceps_twist_r,94.038171,68.149418,38.511262
14,59,thigh_twist_l,115.160121,-7.378460,0.519886
14,60,thigh_twist_r,88.275044,-4.625771,20.504955
15,0,pelvis,107.000000,9.625000,14.023438
15,1,stomach,106.219848,20.596129,13.178353
15,2,chest,106.286281,38.337895,12.260340
15,3,neck,106.233185,67.481655,13.112018
15,4,head,102.268890,80.594702,13.440656
15,5,hair,104.614666,95.824847,14.052404
15,7,zero_joint_hand_l,106.284357,38.337805,12.262681
15,8,clavicle_l,104.995236,63.242837,10.998106
15,9,arm_l,106.378446,75.292006,-2.930246
15,10,forearm_l,84.892917,94.605431,-1.020508
15,11,forearm_twist_l,79.756506,102.060568,6.748384
15,12,hand_l,74.308442,109.991513,15.006305
15,13,weapon_l,65.193736,95.801665,32.138674
15,14,f_big1_l,77.812661,113.676092,17.116173
15,15,f_big2_l,78.978644,114.887911,20.650410
15,16,f_big3_l,78.241752,118.516962,22.754136
15,17,f_main1_l,71.009749,120.451163,18.191314
15,18,f_main2_l,71.079261,117.533726,22.209028
15,19,f_main3_l,71.470336,112.805648,22.502410
15,20,f_pointer1_l,76.184849,121.032714,19.187975
15,21,f_pointer2_l,75.589138,120.263565,22.949924
15,22,f_pointer3_l,75.362268,116.872904,23.352890
15,23,scapular_l,108.250396,77.483831,4.548963
15,24,chest_l,88.080187,47.400921,5.469374
15,25,zero_joint_hand_r,106.286298,38.337708,12.260321
15,26,clavicle_r,105.407248,63.120434,15.179269
15,27,arm_r,107.931460,64.868388,33.391016
15,28,forearm_r,82.350489,72.849515,44.354545
15,29,forearm_twist_r,74.854202,81.775078,41.776961
15,30,hand_r,66.914318,91.246443,39.050749
15,31,weapon_r,65.176092,95.762733,32.106268
15,32,f_big1_r,68.811543,96.656929,36.513163
15,33,f_big2_r,69.805243,98.831927,33.141547
15,34,f_big3_r,68.059608,97.930152,28.891922
15,35,f_main1_r,60.429181,96.733369,31.576678
15,36,f_main2_r,64.267871,95.461913,29.129579
15,37,f_main3_r,67.115991,93.823286,32.118646
15,38,f_pointer1_r,63.332195,101.011326,32.906476
15,39,f_pointer2_r,65.390973,100.047768,28.959396
15,40,f_pointer3_r,67.829922,98.420751,30.765318
15,41,scapular_r,110.590594,70.500051,28.361851
15,42,chest_r,89.817644,46.884798,23.003300
15,43,zero_joint_pelvis_l,106.998778,9.627178,14.024978
15,44,thigh_l,111.357295,9.620220,5.911853
15,45,calf_l,123.616240,-35.230438,-9.749107
15,46,foot_l,141.207872,-69.066289,5.643594
15,47,toe_l,140.843135,-78.597435,-12.691889
15,48,back_l,119.652503,4.895309,11.787028
15,51,zero_joint_pelvis_r,106.999971,9.624714,14.023422
15,52,thigh_r,100.488186,9.973195,20.526916
15,53,calf_r,69.349186,-27.939616,20.194591
15,54,foot_r,63.425387,-68.423513,16.043896
15,55,toe_r,45.825497,-78.471046,20.100580
15,56,back_r,108.393933,5.258045,26.927097
15,57,biceps_twist_l,96.065468,84.564004,-2.014221
15,58,biceps_twist_r,95.655868,68.694111,38.667426
15,59,thigh_twist_l,116.184440,-7.086399,0.655952
15,60,thigh_twist_r,89.430529,-4.479374,20.339221
16,0,pelvis,108.000000,9.562500,14.050781
16,1,stomach,107.217440,20.531678,13.182905
16,2,chest,107.383171,38.272766,12.264343
16,3,neck,107.526963,67.412772,13.226782
16,4,head,103.651787,80.552340,13.559068
16,5,hair,106.170302,95.752806,14.220232
16,7,zero_joint_hand_l,107.381331,38.272686,12.266560
16,8,clavicle_l,106.270477,63.190368,11.093442
16,9,arm_l,107.578957,75.106623,-2.955952
16,10,forearm_l,87.552686,96.010918,-2.463631
16,11,forearm_twist_l,82.604159,103.171803,5.705687
16,12,hand_l,77.363358,110.779157,14.379708
16,13,weapon_l,68.086836,96.976318,31.623766
16,14,f_big1_l,81.001934,114.380622,16.391747
16,15,f_big2_l,82.235704,115.620195,19.891010
16,16,f_big3_l,81.642605,119.311360,21.931198
16,17,f_main1_l,74.433887,121.392512,17.414111
16,18,f_main2_l,74.443947,118.539154,21.473392
16,19,f_main3_l,74.681124,113.805038,21.832212
16,20,f_pointer1_l,79.636229,121.805660,18.356224
16,21,f_pointer2_l,79.049114,121.114519,22.134628
16,22,f_pointer3_l,78.714941,117.741130,22.588104
16,23,scapular_l,109.562200,77.344215,4.477318
16,24,chest_l,89.266405,47.485882,5.436671
16,25,zero_joint_hand_r,107.383182,38.272582,12.264328
16,26,clavicle_r,106.662951,63.049499,15.276028
16,27,arm_r,109.274154,64.838201,33.471546
16,28,forearm_r,84.184282,73.617836,44.947600
16,29,forearm_twist_r,77.201938,82.790837,41.848104
16,30,hand_r,69.807412,92.524412,38.567978
16,31,weapon_r,68.063760,96.925967,31.592240
16,32,f_big1_r,71.786560,97.843269,35.906777
16,33,f_big2_r,72.767928,99.944317,32.480313
16,34,f_big3_r,70.916539,99.028756,28.283011
16,35,f_main1_r,63.311435,98.066290,31.144032
16,36,f_main2_r,67.068415,96.658377,28.630621
16,37,f_main3_r,69.938382,94.990790,31.576661
16,38,f_pointer1_r,66.346962,102.291083,32.342697
16,39,f_pointer2_r,68.296378,101.216812,28.364284
16,40,f_pointer3_r,70.733484,99.551613,30.137595
16,41,scapular_r,111.934042,70.446368,28.422706
16,42,chest_r,90.930159,46.892323,22.973157
16,43,zero_joint_pelvis_l,107.999890,9.564534,14.050644
16,44,thigh_l,112.339910,9.539702,5.927767
16,45,calf_l,123.604260,-35.315639,-10.450318
16,46,foot_l,140.924860,-69.036215,5.492871
16,47,toe_l,140.761768,-78.597179,-12.829986
16,48,back_l,120.648183,4.827144,11.793749
16,51,zero_joint_pelvis_r,107.999971,9.562213,14.050765
16,52,thigh_r,101.503350,9.924386,20.568429
16,53,calf_r,70.591546,-28.171921,20.057868
16,54,foot_r,63.480362,-68.476120,16.024479
16,55,toe_r,45.880288,-78.521516,20.085651
16,56,back_r,109.422547,5.224508,26.961084
16,57,biceps_twist_l,97.961186,85.147869,-2.720044
16,58,biceps_twist_r,97.234599,69.047461,38.994051
16,59,thigh_twist_l,116.807107,-7.195012,0.396217
16,60,thigh_twist_r,90.532500,-4.593197,20.315452
17,0,pelvis,108.500000,9.562500,14.066406
17,1,stomach,107.719962,20.530586,13.182597
17,2,chest,108.011648,38.270104,12.265078
17,3,neck,108.593679,67.402801,13.281976
17,4,head,104.959037,80.609665,13.661131
17,5,hair,107.815622,95.748835,14.353740
17,7,zero_joint_hand_l,108.009840,38.270049,12.267255
17,8,clavicle_l,107.274575,63.203767,11.140222
17,9,arm_l,108.797937,75.063686,-2.935161
17,10,forearm_l,90.011059,97.084079,-3.597690
17,11,forearm_twist_l,85.247878,104.053477,4.831846
17,12,hand_l,80.197819,111.466080,13.794254
17,13,weapon_l,70.605000,98.101847,31.089693
17,14,f_big1_l,83.924666,115.014840,15.736998
17,15,f_big2_l,85.198014,116.284183,19.215719
17,16,f_big3_l,84.698326,120.021480,21.195996
17,17,f_main1_l,77.520458,122.190506,16.667758
17,18,f_main2_l,77.478121,119.401490,20.771309
17,19,f_main3_l,77.604540,114.676718,21.200804
17,20,f_pointer1_l,82.730481,122.506658,17.589049
17,21,f_pointer2_l,82.138958,121.888667,21.383220
17,22,f_pointer3_l,81.727477,118.529361,21.889355
17,23,scapular_l,110.812806,77.275737,4.497903
17,24,chest_l,90.038413,47.767515,5.447659
17,25,zero_joint_hand_r,108.011655,38.269921,12.265064
17,26,clavicle_r,107.663136,63.049225,15.322728
17,27,arm_r,110.313163,64.804582,33.515881
17,28,forearm_r,85.735771,74.482274,45.372421
17,29,forearm_twist_r,79.184042,83.800877,41.828980
17,30,hand_r,72.237893,93.701492,38.073001
17,31,weapon_r,70.584855,98.064719,31.053640
17,32,f_big1_r,74.344724,98.930647,35.327148
17,33,f_big2_r,75.353306,100.955344,31.872159
17,34,f_big3_r,73.439772,100.039334,27.698543
17,35,f_main1_r,65.832275,99.334367,30.627338
17,36,f_main2_r,69.521622,97.791540,28.100327
17,37,f_main3_r,72.376335,96.078529,31.041011
17,38,f_pointer1_r,68.997034,103.480351,31.750960
17,39,f_pointer2_r,70.877331,102.304214,27.772564
17,40,f_pointer3_r,73.282799,100.593188,29.541653
17,41,scapular_r,113.049760,70.369729,28.471855
17,42,chest_r,91.685826,47.116359,22.983681
17,43,zero_joint_pelvis_l,108.499861,9.564499,14.066244
17,44,thigh_l,112.825287,9.525264,5.935643
17,45,calf_l,123.405549,-35.347919,-10.844834
17,46,foot_l,140.502951,-69.018676,5.440883
17,47,toe_l,140.416295,-78.578074,-12.883312
17,48,back_l,121.142315,4.818813,11.794116
17,51,zero_joint_pelvis_r,108.499971,9.562213,14.066390
17,52,thigh_r,102.015192,9.937075,20.595121
17,53,calf_r,71.385816,-28.384202,19.924326
17,54,foot_r,63.175145,-68.490701,16.010337
17,55,toe_r,45.572263,-78.516737,20.107027
17,56,back_r,109.944095,5.244278,26.980943
17,57,biceps_twist_l,99.780557,85.634965,-3.253707
17,58,biceps_twist_r,98.519824,69.445205,39.221018
17,59,thigh_twist_l,117.041168,-7.223532,0.251619
17,60,thigh_twist_r,91.142327,-4.672364,20.282911
18,0,pelvis,109.500000,9.500000,14.078125
18,1,stomach,108.720923,20.466757,13.177152
18,2,chest,109.147834,38.203439,12.257755
18,3,neck,110.346395,67.316962,13.283999
18,4,head,107.076868,80.616677,13.734987
18,5,hair,110.378591,95.656589,14.437145
18,7,zero_joint_hand_l,109.146028,38.203422,12.259934
18,8,clavicle_l,108.935014,63.147551,11.143245
18,9,arm_l,110.887447,74.980787,-2.901585
18,10,forearm_l,92.966496,97.661159,-4.551945
18,11,forearm_twist_l,88.462645,104.564506,4.072241
18,12,hand_l,83.688683,111.906443,13.241745
18,13,weapon_l,73.668760,99.067764,30.498155
18,14,f_big1_l,87.474982,115.425579,15.122424
18,15,f_big2_l,88.764373,116.739306,18.576476
18,16,f_big3_l,88.327183,120.526281,20.484213
18,17,f_main1_l,81.199114,122.730866,15.900646
18,18,f_main2_l,81.100185,120.021667,20.061025
18,19,f_main3_l,81.143155,115.300935,20.583472
18,20,f_pointer1_l,86.413010,122.980014,16.826916
18,21,f_pointer2_l,85.804861,122.445615,20.627636
18,22,f_pointer3_l,85.332730,119.102728,21.198597
18,23,scapular_l,112.883914,77.140066,4.547693
18,24,chest_l,91.366270,48.080748,5.477638
18,25,zero_joint_hand_r,109.147837,38.203256,12.257742
18,26,clavicle_r,109.328077,62.983175,15.324958
18,27,arm_r,111.981934,64.676923,33.523392
18,28,forearm_r,87.929575,75.274972,45.666244
18,29,forearm_twist_r,81.727247,84.673153,41.726346
18,30,hand_r,75.152589,94.658218,37.548918
18,31,weapon_r,73.647909,99.020794,30.455558
18,32,f_big1_r,77.401762,99.785510,34.724984
18,33,f_big2_r,78.462002,101.733263,31.236721
18,34,f_big3_r,76.516243,100.810913,27.079428
18,35,f_main1_r,68.894844,100.362403,30.031951
18,36,f_main2_r,72.535914,98.679805,27.516832
18,37,f_main3_r,75.351451,96.927663,30.472189
18,38,f_pointer1_r,72.179101,104.433029,31.090517
18,39,f_pointer2_r,74.013943,103.151078,27.128087
18,40,f_pointer3_r,76.376646,101.395619,28.914985
18,41,scapular_r,114.846787,70.180173,28.470331
18,42,chest_r,93.032486,47.387976,23.010290
18,43,zero_joint_pelvis_l,109.499861,9.501999,14.077960
18,44,thigh_l,113.812970,9.448217,5.940901
18,45,calf_l,123.932758,-35.445148,-11.068054
18,46,foot_l,140.873404,-69.066243,5.481934
18,47,toe_l,140.808676,-78.660076,-12.824346
18,48,back_l,122.133255,4.750051,11.800967
18,51,zero_joint_pelvis_r,109.499971,9.499713,14.078109
18,52,thigh_r,103.025157,9.886885,20.616005
18,53,calf_r,72.730921,-28.696409,19.768862
18,54,foot_r,63.548139,-68.600312,15.945166
18,55,toe_r,45.939576,-78.588093,20.110316
18,56,back_r,110.967370,5.202964,26.991398
18,57,biceps_twist_l,102.290574,85.862681,-3.693811
18,58,biceps_twist_r,100.447409,69.756898,39.362766
18,59,thigh_twist_l,117.856428,-7.298608,0.176249
18,60,thigh_twist_r,92.280183,-4.815344,20.238686
19,0,pelvis,110.000000,9.500000,14.089844
19,1,stomach,109.226688,20.464993,13.162805
19,2,chest,109.788007,38.198169,12.248028
19,3,neck,111.712113,67.273991,13.238625
19,4,head,108.934978,80.681870,13.778951
19,5,hair,112.774856,95.595207,14.443042
19,7,zero_joint_hand_l,109.786208,38.198198,12.250213
19,8,clavicle_l,110.191762,63.138687,11.106260
19,9,arm_l,112.672036,74.916761,-2.901593
19,10,forearm_l,95.269304,97.916149,-5.442563
19,11,forearm_twist_l,91.141264,104.819185,3.378510
19,12,hand_l,86.772611,112.151224,12.745076
19,13,weapon_l,76.278416,99.888946,29.822520
19,14,f_big1_l,90.597801,115.664757,14.556236
19,15,f_big2_l,91.887759,117.046269,17.981291
19,16,f_big3_l,91.493660,120.885279,19.791985
19,17,f_main1_l,84.419143,123.072039,15.118434
19,18,f_main2_l,84.263394,120.472443,19.341867
19,19,f_main3_l,84.238568,115.762257,19.983457
19,20,f_pointer1_l,89.631673,123.265636,16.064693
19,21,f_pointer2_l,88.998248,122.835920,19.874265
19,22,f_pointer3_l,88.477901,119.515109,20.526373
19,23,scapular_l,114.641299,77.013160,4.576352
19,24,chest_l,92.239128,48.506972,5.504096
19,25,zero_joint_hand_r,109.788005,38.197986,12.248014
19,26,clavicle_r,110.591827,62.968988,15.287094
19,27,arm_r,113.232851,64.622395,33.491103
19,28,forearm_r,89.711300,76.042417,45.925055
19,29,forearm_twist_r,83.824415,85.465062,41.580425
19,30,hand_r,77.585099,95.476124,36.973026
19,31,weapon_r,76.247239,99.834222,29.792000
19,32,f_big1_r,79.980038,100.495432,34.067729
19,33,f_big2_r,81.096125,102.352556,30.552194
19,34,f_big3_r,79.127010,101.415840,26.404724
19,35,f_main1_r,71.495525,101.229556,29.356693
19,36,f_main2_r,75.087699,99.407069,26.868887
19,37,f_main3_r,77.855422,97.624373,29.845193
19,38,f_pointer1_r,74.887516,105.228809,30.347394
19,39,f_pointer2_r,76.689914,103.832216,26.399870
19,40,f_pointer3_r,79.003364,102.038543,28.213071
19,41,scapular_r,116.265939,70.037373,28.453241
19,42,chest_r,93.934605,47.791427,23.033027
19,43,zero_joint_pelvis_l,109.999862,9.501998,14.089674
19,44,thigh_l,114.297762,9.424890,5.944759
19,45,calf_l,124.167769,-35.454661,-11.246454
19,46,foot_l,141.097671,-68.995257,5.476957
19,47,toe_l,141.038103,-78.579855,-12.834177
19,48,back_l,122.630375,4.735518,11.794777
19,51,zero_joint_pelvis_r,109.999970,9.499713,14.089829
19,52,thigh_r,103.537616,9.907684,20.638778
19,53,calf_r,73.265252,-28.691724,19.745168
19,54,foot_r,63.763654,-68.523751,15.951100
19,55,toe_r,46.157004,-78.513755,20.119002
19,56,back_r,111.483899,5.234520,27.017390
19,57,biceps_twist_l,104.319169,85.957926,-4.121788
19,58,biceps_twist_r,101.946900,70.100129,39.473455
19,59,thigh_twist_l,118.250190,-7.319378,0.110078
19,60,thigh_twist_r,92.800660,-4.799939,20.244652
20,0,pelvis,109.500000,9.375000,14.109375
20,1,stomach,108.732375,20.337343,13.146945
20,2,chest,109.427045,38.066164,12.239341
20,3,neck,112.247474,67.071516,13.145816
20,4,head,110.143432,80.595906,13.808778
20,5,hair,114.649978,95.325145,14.386611
20,7,zero_joint_hand_l,109.425256,38.066255,12.241533
20,8,clavicle_l,110.592200,62.979556,11.030446
20,9,arm_l,113.748981,74.669238,-2.915191
20,10,forearm_l,96.320727,97.551309,-6.224304
20,11,forearm_twist_l,92.738894,104.513281,2.776746
20,12,hand_l,88.945106,111.917123,12.345697
20,13,weapon_l,77.946722,100.316768,29.120330
20,14,f_big1_l,92.799244,115.446402,14.072023
20,15,f_big2_l,94.075914,116.929088,17.459551
20,16,f_big3_l,93.710940,120.831777,19.135179
20,17,f_main1_l,86.698741,122.946393,14.324766
20,18,f_main2_l,86.476014,120.491526,18.635489
20,19,f_main3_l,86.390715,115.806460,19.436107
20,20,f_pointer1_l,91.905243,123.112436,15.312664
20,21,f_pointer2_l,91.234438,122.818897,19.129043
20,22,f_pointer3_l,90.669896,119.530222,19.888211
20,23,scapular_l,115.674217,76.680958,4.597426
20,24,chest_l,92.175729,48.892538,5.538822
20,25,zero_joint_hand_r,109.427037,38.065982,12.239328
20,26,clavicle_r,111.003964,62.808105,15.210072
20,27,arm_r,113.617204,64.447640,33.419345
20,28,forearm_r,90.604542,76.553413,46.153201
20,29,forearm_twist_r,84.989914,85.938451,41.387229
20,30,hand_r,79.039970,95.909464,36.331972
20,31,weapon_r,77.916858,100.278810,29.081382
20,32,f_big1_r,81.600453,100.797830,33.345715
20,33,f_big2_r,82.788463,102.555708,29.798275
20,34,f_big3_r,80.809305,101.604230,25.663378
20,35,f_main1_r,73.162076,101.705193,28.582377
20,36,f_main2_r,76.703173,99.729526,26.138666
20,37,f_main3_r,79.408989,97.914730,29.146513
20,38,f_pointer1_r,76.675435,105.610950,29.520013
20,39,f_pointer2_r,78.444228,104.094228,25.606271
20,40,f_pointer3_r,80.699089,102.259557,27.455608
20,41,scapular_r,116.868755,69.729110,28.364429
20,42,chest_r,93.920126,48.169091,23.062627
20,43,zero_joint_pelvis_l,109.499863,9.376998,14.109198
20,44,thigh_l,113.775505,9.268757,5.952931
20,45,calf_l,123.622592,-35.581207,-11.328404
20,46,foot_l,140.718940,-68.988972,5.491278
20,47,toe_l,140.665479,-78.548597,-12.832926
20,48,back_l,122.120520,4.593151,11.796284
20,51,zero_joint_pelvis_r,109.499970,9.374713,14.109361
20,52,thigh_r,103.055783,9.809985,20.674434
20,53,calf_r,72.543418,-28.600255,19.792421
20,54,foot_r,63.404625,-68.508367,15.907744
20,55,toe_r,45.793552,-78.479087,20.103045
20,56,back_r,111.015922,5.152688,27.047373
20,57,biceps_twist_l,105.383906,85.654094,-4.504224
20,58,biceps_twist_r,102.588293,70.248330,39.538809
20,59,thigh_twist_l,117.726096,-7.479030,0.078495
20,60,thigh_twist_r,92.227733,-4.830840,20.284641
21,0,pelvis,109.500000,9.062500,14.128906
21,1,stomach,108.735294,20.022477,13.137639
21,2,chest,109.544560,37.746865,12.238420
21,3,neck,113.158183,66.666557,13.063069
21,4,head,111.738443,80.274466,13.827771
21,5,hair,116.905023,94.797509,14.298862
21,7,zero_joint_hand_l,109.542782,37.747009,12.240619
21,8,clavicle_l,111.383886,62.616300,10.963982
21,9,arm_l,115.118560,74.224545,-2.906692
21,10,forearm_l,97.441291,96.809527,-6.871058
21,11,forearm_twist_l,94.547234,103.881769,2.290017
21,12,hand_l,91.484131,111.402711,12.027952
21,13,weapon_l,80.015453,100.438478,28.410390
21,14,f_big1_l,95.351324,114.959577,13.660287
21,15,f_big2_l,96.611535,116.553644,17.005386
21,16,f_big3_l,96.268648,120.514304,18.533226
21,17,f_main1_l,89.323250,122.508329,13.586324
21,18,f_main2_l,89.038945,120.211833,17.984323
21,19,f_main3_l,88.902421,115.563508,18.951644
21,20,f_pointer1_l,94.521230,122.671392,14.614889
21,21,f_pointer2_l,93.813294,122.522505,18.432945
21,22,f_pointer3_l,93.210774,119.266898,19.305750
21,23,scapular_l,117.013220,76.157257,4.630172
21,24,chest_l,92.569331,49.023914,5.576216
21,25,zero_joint_hand_r,109.544547,37.746682,12.238408
21,26,clavicle_r,111.806801,62.443513,15.142440
21,27,arm_r,114.361035,64.087324,33.359698
21,28,forearm_r,91.890568,76.810200,46.455116
21,29,forearm_twist_r,86.563144,86.120755,41.252881
21,30,hand_r,80.911146,96.025199,35.727177
21,31,weapon_r,79.983645,100.394579,28.379356
21,32,f_big1_r,83.613515,100.788698,32.671793
21,33,f_big2_r,84.867541,102.454318,29.098102
21,34,f_big3_r,82.881339,101.483264,24.962276
21,35,f_main1_r,75.229413,101.841002,27.847782
21,36,f_main2_r,78.726697,99.731689,25.453172
21,37,f_main3_r,81.376722,97.891942,28.501022
21,38,f_pointer1_r,78.836530,105.670782,28.732014
21,39,f_pointer2_r,80.583653,104.043650,24.848451
21,40,f_pointer3_r,82.781836,102.178505,26.735164
21,41,scapular_r,117.805517,69.229923,28.293849
21,42,chest_r,94.360348,48.294383,23.095065
21,43,zero_joint_pelvis_l,109.499864,9.064497,14.128724
21,44,thigh_l,113.756948,8.931517,5.963122
21,45,calf_l,123.769241,-35.821276,-11.474493
21,46,foot_l,141.174193,-69.002017,5.477548
21,47,toe_l,141.108459,-78.587209,-12.833255
21,48,back_l,122.113035,4.268319,11.800565
21,51,zero_joint_pelvis_r,109.499970,9.062213,14.128893
21,52,thigh_r,103.070888,9.518801,20.707315
21,53,calf_r,71.979895,-28.427583,19.965000
21,54,foot_r,63.843249,-68.536816,15.926435
21,55,toe_r,46.233312,-78.518249,20.100983
21,56,back_r,111.043309,4.875569,27.075162
21,57,biceps_twist_l,106.633856,85.066712,-4.810313
21,58,biceps_twist_r,103.586415,70.187627,39.656012
21,59,thigh_twist_l,117.768747,-7.765439,0.034085
21,60,thigh_twist_r,92.041865,-4.933264,20.369504
22,0,pelvis,107.500000,7.875000,14.136719
22,1,stomach,106.739951,18.833723,13.128163
22,2,chest,107.722431,36.550011,12.241984
22,3,neck,112.249717,65.343471,12.968122
22,4,head,112.077587,79.022045,13.769757
22,5,hair,118.466657,93.056856,13.964904
22,7,zero_joint_hand_l,107.720663,36.550218,12.244186
22,8,clavicle_l,110.344061,61.344819,10.885278
22,9,arm_l,114.571629,72.844366,-2.934375
22,10,forearm_l,96.066786,94.578126,-7.781841
22,11,forearm_twist_l,95.103853,101.941539,1.554666
22,12,hand_l,94.092428,109.771978,11.476147
22,13,weapon_l,82.102285,99.954366,26.918215
22,14,f_big1_l,98.108155,113.271388,12.849228
22,15,f_big2_l,99.419125,115.077536,16.064511
22,16,f_big3_l,99.248467,119.162333,17.257774
22,17,f_main1_l,92.433561,121.054630,12.095029
22,18,f_main2_l,92.017204,119.144838,16.664104
22,19,f_main3_l,91.662411,114.603584,18.010362
22,20,f_pointer1_l,97.628205,121.067246,13.158303
22,21,f_pointer2_l,96.889585,121.267166,16.970117
22,22,f_pointer3_l,96.133517,118.127183,18.101180
22,23,scapular_l,116.494182,74.686059,4.625894
22,24,chest_l,91.098574,48.337167,5.576736
22,25,zero_joint_hand_r,107.722412,36.549829,12.241973
22,26,clavicle_r,110.769747,61.171724,15.063442
22,27,arm_r,113.000297,62.859306,33.319165
22,28,forearm_r,91.961628,76.947310,47.361459
22,29,forearm_twist_r,87.445169,86.008710,41.051935
22,30,hand_r,82.662336,95.635596,34.356702
22,31,weapon_r,82.073044,99.912786,26.873302
22,32,f_big1_r,85.622065,100.194795,31.236543
22,33,f_big2_r,87.009054,101.714541,27.647008
22,34,f_big3_r,85.057987,100.729740,23.510974
22,35,f_main1_r,77.381225,101.488487,26.240309
22,36,f_main2_r,80.818589,99.172871,23.959995
22,37,f_main3_r,83.339470,97.292294,27.096868
22,38,f_pointer1_r,81.140379,105.172567,27.101768
22,39,f_pointer2_r,82.873815,103.381167,23.298949
22,40,f_pointer3_r,84.955910,101.468830,25.264870
22,41,scapular_r,116.724870,67.843443,28.293145
22,42,chest_r,92.901038,47.605779,23.094334
22,43,zero_joint_pelvis_l,107.499865,7.876997,14.136534
22,44,thigh_l,111.753310,7.728915,5.969295
22,45,calf_l,122.690008,-36.617563,-11.944595
22,46,foot_l,141.002201,-69.051718,5.489705
22,47,toe_l,140.930168,-78.627570,-12.825960
22,48,back_l,120.109765,3.071165,11.810560
22,51,zero_joint_pelvis_r,107.499970,7.874713,14.136706
22,52,thigh_r,101.073985,8.344876,20.717197
22,53,calf_r,68.010543,-27.902834,20.513862
22,54,foot_r,63.677491,-68.545219,15.965588
22,55,toe_r,46.064621,-78.533211,20.111978
22,56,back_r,109.047015,3.708123,27.089000
22,57,biceps_twist_l,105.679572,83.289543,-5.264771
22,58,biceps_twist_r,102.913396,69.614899,40.069431
22,59,thigh_twist_l,116.108659,-8.801810,-0.132774
22,60,thigh_twist_r,89.270419,-5.526241,20.579060
23,0,pelvis,105.000000,5.687500,14.066406
23,1,stomach,104.215260,16.655778,13.189176
23,2,chest,105.157383,34.372335,12.265348
23,3,neck,108.256840,63.346095,13.266093
23,4,head,108.181859,77.044571,13.615058
23,5,hair,114.758926,90.993628,13.630168
23,7,zero_joint_hand_l,105.155575,34.372438,12.267524
23,8,clavicle_l,106.580679,59.275590,11.125957
23,9,arm_l,109.066339,70.955004,-2.963313
23,10,forearm_l,91.464665,93.284113,-8.429149
23,11,forearm_twist_l,92.387294,100.501275,1.024888
23,12,hand_l,93.380103,108.175321,11.069682
23,13,weapon_l,82.136953,98.644780,25.901680
23,14,f_big1_l,97.803387,111.282700,12.087546
23,15,f_big2_l,99.424341,113.128698,15.136960
23,16,f_big3_l,99.747080,117.273275,16.062719
23,17,f_main1_l,92.988693,119.581652,10.993749
23,18,f_main2_l,92.535828,118.018118,15.685079
23,19,f_main3_l,91.735944,113.633480,17.338152
23,20,f_pointer1_l,98.189431,119.079882,11.896852
23,21,f_pointer2_l,97.619786,119.597606,15.705551
23,22,f_pointer3_l,96.566531,116.636383,17.064080
23,23,scapular_l,111.292021,72.996889,4.457503
23,24,chest_l,88.076760,45.384812,5.432130
23,25,zero_joint_hand_r,105.157374,34.372152,12.265335
23,26,clavicle_r,106.952201,59.090581,15.308775
23,27,arm_r,108.432512,60.757937,33.642442
23,28,forearm_r,89.527749,76.707008,48.693040
23,29,forearm_twist_r,86.230415,85.383995,41.186948
23,30,hand_r,82.748064,94.590164,33.230790
23,31,weapon_r,82.103934,98.602546,25.855505
23,32,f_big1_r,85.781982,99.195447,30.245325
23,33,f_big2_r,87.246253,100.765294,26.717573
23,34,f_big3_r,85.384364,99.843435,22.517584
23,35,f_main1_r,77.652128,100.568224,25.087284
23,36,f_main2_r,81.150350,98.271551,22.873217
23,37,f_main3_r,83.567357,96.360864,26.078444
23,38,f_pointer1_r,81.386050,104.247898,26.078957
23,39,f_pointer2_r,83.217263,102.486077,22.298864
23,40,f_pointer3_r,85.240338,100.558753,24.311224
23,41,scapular_r,112.009594,66.020214,28.798083
23,42,chest_r,89.652387,44.604345,22.969471
23,43,zero_joint_pelvis_l,104.999860,5.689499,14.066245
23,44,thigh_l,109.331291,5.657646,5.938809
23,45,calf_l,121.828375,-37.815446,-13.062299
23,46,foot_l,141.101360,-69.055935,5.480880
23,47,toe_l,141.002489,-78.665258,-12.817121
23,48,back_l,117.646312,0.951484,11.800363
23,51,zero_joint_pelvis_r,104.999971,5.687213,14.066390
23,52,thigh_r,98.510203,6.054671,20.590582
23,53,calf_r,62.946606,-27.738806,21.190945
23,54,foot_r,63.755825,-68.531313,16.035158
23,55,toe_r,46.152285,-78.568491,20.101624
23,56,back_r,106.436704,1.361632,26.979209
23,57,biceps_twist_l,100.613046,81.680151,-5.589496
23,58,biceps_twist_r,99.380266,68.397517,40.868058
23,59,thigh_twist_l,114.270899,-10.582470,-0.577591
23,60,thigh_twist_r,85.747283,-6.938943,20.750653
24,0,pelvis,102.000000,2.437500,13.941406
24,1,stomach,101.086189,13.411862,13.295794
24,2,chest,101.576700,31.143517,12.313338
24,3,neck,100.255280,60.230629,13.823529
24,4,head,98.613816,73.830036,13.452901
24,5,hair,103.928782,88.307029,13.407659
24,7,zero_joint_hand_l,101.574868,31.143307,12.315486
24,8,clavicle_l,99.241598,55.993538,11.592323
24,9,arm_l,97.015235,67.726176,-2.496085
24,10,forearm_l,85.521972,93.323310,-9.635767
24,11,forearm_twist_l,86.626799,99.866619,0.277958
24,12,hand_l,87.814963,106.821635,10.813164
24,13,weapon_l,79.037344,96.452522,25.747801
24,14,f_big1_l,92.845882,108.989537,11.355521
24,15,f_big2_l,95.074432,110.492726,14.200305
24,16,f_big3_l,96.297118,114.494888,14.991780
24,17,f_main1_l,89.695112,118.089612,10.487909
24,18,f_main2_l,89.376512,116.678403,15.242286
24,19,f_main3_l,87.878805,112.553083,17.068789
24,20,f_pointer1_l,94.752007,116.556953,10.937438
24,21,f_pointer2_l,94.651660,117.204070,14.771291
24,22,f_pointer3_l,93.162297,114.523718,16.290480
24,23,scapular_l,99.963547,70.286102,4.495457
24,24,chest_l,83.124329,39.579521,5.380875
24,25,zero_joint_hand_r,101.576719,31.143335,12.313322
24,26,clavicle_r,99.580005,55.790847,15.777132
24,27,arm_r,100.145409,57.829977,34.124257
24,28,forearm_r,84.797045,76.326082,50.267530
24,29,forearm_twist_r,82.556774,84.394023,41.770061
24,30,hand_r,80.193619,92.963403,32.750093
24,31,weapon_r,79.003465,96.412921,25.690368
24,32,f_big1_r,83.016100,97.841171,30.009230
24,33,f_big2_r,84.430137,99.645555,26.564986
24,34,f_big3_r,82.648947,98.828247,22.313023
24,35,f_main1_r,74.868353,99.052532,24.838578
24,36,f_main2_r,78.512065,97.008516,22.611536
24,37,f_main3_r,80.912760,95.118014,25.830132
24,38,f_pointer1_r,78.413281,102.857138,26.038769
24,39,f_pointer2_r,80.383157,101.308181,22.230570
24,40,f_pointer3_r,82.448216,99.423923,24.237723
24,41,scapular_r,102.808174,63.644016,29.322062
24,42,chest_r,84.561628,38.727676,22.926774
24,43,zero_joint_pelvis_l,101.999837,2.439500,13.941287
24,44,thigh_l,106.397957,2.637991,5.852118
24,45,calf_l,119.924398,-39.189918,-15.932975
24,46,foot_l,140.026175,-68.497460,4.761279
24,47,toe_l,140.873577,-78.918001,-13.067348
24,48,back_l,114.722433,-2.092614,11.680481
24,51,zero_joint_pelvis_r,101.999974,2.437213,13.941384
24,52,thigh_r,95.452755,2.582731,20.416717
24,53,calf_r,57.332051,-28.270230,21.843456
24,54,foot_r,63.638855,-68.494197,16.053606
24,55,toe_r,46.049657,-78.568635,20.089880
24,56,back_r,103.384260,-2.151012,26.768998
24,57,biceps_twist_l,91.495978,80.020750,-5.926106
24,58,biceps_twist_r,92.794011,66.694558,41.877247
24,59,thigh_twist_l,111.727106,-13.031551,-1.713400
24,60,thigh_twist_r,81.702824,-9.353461,20.884102
25,0,pelvis,99.000000,-1.750000,14.074219
25,1,stomach,97.462012,9.146905,13.312300
25,2,chest,96.888953,26.865279,12.151154
25,3,neck,89.671288,55.077136,13.594534
25,4,head,85.504690,68.128121,13.299746
25,5,hair,87.942696,83.339881,12.797938
25,7,zero_joint_hand_l,96.887476,26.864765,12.153514
25,8,clavicle_l,89.311447,50.649885,11.536110
25,9,arm_l,82.663558,60.602076,-2.529955
25,10,forearm_l,75.041982,87.892774,-8.480825
25,11,forearm_twist_l,75.570145,95.063714,1.048215
25,12,hand_l,76.144983,102.674583,11.163586
25,13,weapon_l,70.762775,91.663224,26.652448
25,14,f_big1_l,81.445277,104.160435,11.220273
25,15,f_big2_l,84.107168,105.348745,13.834917
25,16,f_big3_l,85.914069,109.156302,14.474862
25,17,f_main1_l,79.449981,113.598195,10.566115
25,18,f_main2_l,79.390522,112.225910,15.338076
25,19,f_main3_l,77.540643,108.330645,17.329595
25,20,f_pointer1_l,84.282651,111.412134,10.561035
25,21,f_pointer2_l,84.623582,112.053017,14.380200
25,22,f_pointer3_l,82.941777,109.585246,16.055144
25,23,scapular_l,86.412922,64.188631,3.569618
25,24,chest_l,76.381962,31.047934,7.494556
25,25,zero_joint_hand_r,96.889008,26.865105,12.151137
25,26,clavicle_r,90.183070,50.661585,15.650084
25,27,arm_r,91.935678,54.923151,33.534774
25,28,forearm_r,80.045937,74.000764,51.782026
25,29,forearm_twist_r,76.510410,81.323059,43.052676
25,30,hand_r,72.768551,89.110850,33.772407
25,31,weapon_r,70.721671,91.640500,26.597315
25,32,f_big1_r,74.917421,93.985828,30.457762
25,33,f_big2_r,75.824573,95.647678,26.783370
25,34,f_big3_r,73.675062,94.428751,22.802141
25,35,f_main1_r,66.200603,94.285425,26.138139
25,36,f_main2_r,69.756134,92.337707,23.692950
25,37,f_main3_r,72.562507,90.865933,26.805751
25,38,f_pointer1_r,69.555463,98.396243,26.719156
25,39,f_pointer2_r,71.251307,96.701246,22.846487
25,40,f_pointer3_r,73.627856,95.126555,24.774160
25,41,scapular_r,92.051420,60.664296,27.968117
25,42,chest_r,80.053078,31.098830,24.733186
25,43,zero_joint_pelvis_l,98.999723,-1.748014,14.074078
25,44,thigh_l,102.698429,-1.505126,5.643296
25,45,calf_l,115.819622,-42.399677,-18.075871
25,46,foot_l,139.358986,-67.880116,4.012841
25,47,toe_l,141.122127,-79.232503,-13.167972
25,48,back_l,111.712212,-5.677304,10.838487
25,51,zero_joint_pelvis_r,98.999988,-1.750288,14.074203
25,52,thigh_r,93.011232,-1.794639,21.070623
25,53,calf_r,52.559395,-29.508757,22.715445
25,54,foot_r,63.811507,-68.505059,16.086416
25,55,toe_r,46.224042,-78.599610,20.079764
25,56,back_r,101.677318,-5.978092,26.820706
25,57,biceps_twist_l,79.006213,73.702704,-5.387220
25,58,biceps_twist_r,86.244991,64.066950,42.294896
25,59,thigh_twist_l,107.932971,-16.805390,-2.669671
25,60,thigh_twist_r,78.355597,-12.595752,21.617845
26,0,pelvis,95.500000,-6.125000,14.371094
26,1,stomach,92.821306,4.518779,13.265179
26,2,chest,90.671411,22.099252,11.878687
26,3,neck,77.781945,48.232868,12.869971
26,4,head,70.925552,60.092236,13.217695
26,5,hair,69.750740,75.399553,11.839586
26,7,zero_joint_hand_l,90.670662,22.098763,11.881373
26,8,clavicle_l,77.976173,43.593914,11.317703
26,9,arm_l,68.446017,50.528205,-2.901526
26,10,forearm_l,57.599493,77.354859,-3.884897
26,11,forearm_twist_l,58.927442,86.315607,3.889772
26,12,hand_l,60.350384,95.828439,12.139484
26,13,weapon_l,58.373720,84.726365,28.408053
26,14,f_big1_l,65.683727,97.113634,11.738215
26,15,f_big2_l,68.583891,98.265798,14.100508
26,16,f_big3_l,70.570317,102.017422,14.489544
26,17,f_main1_l,63.980268,106.594489,10.976919
26,18,f_main2_l,64.251432,105.346323,15.779592
26,19,f_main3_l,62.427772,101.575552,18.019292
26,20,f_pointer1_l,68.714347,104.228573,10.654504
26,21,f_pointer2_l,69.381139,104.953829,14.417036
26,22,f_pointer3_l,67.750661,102.594564,16.287651
26,23,scapular_l,72.831641,55.329780,1.777174
26,24,chest_l,69.242461,21.441125,12.165287
26,25,zero_joint_hand_r,90.671499,22.099091,11.878670
26,26,clavicle_r,79.730026,44.315695,15.071058
26,27,arm_r,84.687524,52.750700,30.735305
26,28,forearm_r,75.116607,70.426252,51.574112
26,29,forearm_twist_r,68.446126,76.778036,43.980466
26,30,hand_r,61.387342,83.519274,35.923788
26,31,weapon_r,58.336240,84.682464,28.359475
26,32,f_big1_r,62.483130,87.690580,31.372065
26,33,f_big2_r,62.578664,88.591009,27.342963
26,34,f_big3_r,59.875711,86.463239,24.161296
26,35,f_main1_r,53.155015,86.652051,28.821899
26,36,f_main2_r,56.384131,84.414610,26.193761
26,37,f_main3_r,59.793932,83.781510,28.963083
26,38,f_pointer1_r,56.187165,90.952264,27.935904
26,39,f_pointer2_r,57.325587,88.561111,24.230119
26,40,f_pointer3_r,60.127312,87.555729,25.957287
26,41,scapular_r,81.154197,56.861161,24.859286
26,42,chest_r,76.608945,24.471160,27.888005
26,43,zero_joint_pelvis_l,95.499515,-6.123060,14.370890
26,44,thigh_l,97.778767,-6.158830,5.447816
26,45,calf_l,106.993123,-46.784898,-20.470270
26,46,foot_l,136.313605,-66.044489,0.992328
26,47,toe_l,141.457429,-79.998869,-13.359748
26,48,back_l,107.858870,-9.165362,9.320496
26,51,zero_joint_pelvis_r,95.500013,-6.125288,14.371097
26,52,thigh_r,90.724470,-6.189869,22.245553
26,53,calf_r,48.412717,-30.991621,23.556093
26,54,foot_r,63.579865,-68.485864,16.112641
26,55,toe_r,45.996179,-78.600063,20.072772
26,56,back_r,100.551647,-9.198310,26.722343
26,57,biceps_twist_l,63.237357,63.413455,-3.374796
26,58,biceps_twist_r,80.106302,61.233596,40.746284
26,59,thigh_twist_l,101.666415,-21.325015,-3.766844
26,60,thigh_twist_r,75.341669,-15.933876,22.664496
27,0,pelvis,91.500000,-11.812500,14.503906
27,1,stomach,87.566522,-1.613424,13.022329
27,2,chest,83.170451,15.576733,12.133224
27,3,neck,65.551992,38.807582,12.066418
27,4,head,55.430171,47.962315,13.297372
27,5,hair,51.786073,62.731312,10.761332
27,7,zero_joint_hand_l,83.170370,15.576661,12.136053
27,8,clavicle_l,66.402260,34.057467,11.246458
27,9,arm_l,54.077389,39.162498,-1.525814
27,10,forearm_l,37.918192,62.311733,4.898884
27,11,forearm_twist_l,39.982345,73.369369,8.871972
27,12,hand_l,42.180736,85.125328,13.083745
27,13,weapon_l,43.147251,73.109784,30.719546
27,14,f_big1_l,47.357857,86.763690,12.205976
27,15,f_big2_l,50.348413,88.194254,14.286579
27,16,f_big3_l,52.082960,92.082236,14.403371
27,17,f_main1_l,44.922719,96.078919,11.319893
27,18,f_main2_l,45.669633,95.016149,16.116742
27,19,f_main3_l,44.309586,91.209414,18.603414
27,20,f_pointer1_l,49.772640,94.030595,10.675736
27,21,f_pointer2_l,50.685861,94.926714,14.346700
27,22,f_pointer3_l,49.386249,92.524809,16.412047
27,23,scapular_l,59.301060,44.465401,1.416040
27,24,chest_l,62.850176,11.342715,17.506743
27,25,zero_joint_hand_r,83.170565,15.576589,12.133212
27,26,clavicle_r,68.675590,35.789459,14.328729
27,27,arm_r,76.909588,48.838827,24.478114
27,28,forearm_r,68.117921,63.634436,47.760725
27,29,forearm_twist_r,58.323291,68.610548,43.090878
27,30,hand_r,47.947331,73.895713,38.132327
27,31,weapon_r,43.137797,73.062120,30.679499
27,32,f_big1_r,47.639155,76.685902,32.524190
27,33,f_big2_r,46.865388,76.419321,28.472517
27,34,f_big3_r,43.909767,73.294617,26.613246
27,35,f_main1_r,38.210859,74.305890,32.398082
27,36,f_main2_r,41.147604,71.652589,29.807155
27,37,f_main3_r,45.076382,72.060470,31.839328
27,38,f_pointer1_r,40.458052,78.386938,29.795761
27,39,f_pointer2_r,41.172122,75.140210,26.682030
27,40,f_pointer3_r,44.353859,74.854647,27.962093
27,41,scapular_r,70.438841,50.578697,20.112178
27,42,chest_r,72.394964,18.611002,30.418717
27,43,zero_joint_pelvis_l,91.499286,-11.810641,14.503634
27,44,thigh_l,92.376448,-12.469119,5.359537
27,45,calf_l,96.083878,-52.864031,-22.238198
27,46,foot_l,131.380134,-63.490673,-4.003221
27,47,toe_l,141.574303,-79.677350,-11.828573
27,48,back_l,103.192550,-14.152071,7.773030
27,51,zero_joint_pelvis_r,91.500044,-11.812784,14.503929
27,52,thigh_r,88.020507,-11.583449,23.027853
27,53,calf_r,43.863469,-32.938559,24.143293
27,54,foot_r,62.954135,-68.480414,16.169044
27,55,toe_r,45.379564,-78.621140,20.101705
27,56,back_r,98.680797,-13.235263,26.076703
27,57,biceps_twist_l,46.320303,50.275142,1.556932
27,58,biceps_twist_r,72.706388,55.938762,35.652806
27,59,thigh_twist_l,94.315625,-27.524340,-4.621255
27,60,thigh_twist_r,71.923111,-20.065234,23.369804
28,0,pelvis,89.000000,-17.812500,14.457031
28,1,stomach,84.150188,-8.019726,12.950582
28,2,chest,77.738941,8.535793,12.296286
28,3,neck,57.525147,29.542649,11.847458
28,4,head,45.941777,36.737636,13.201471
28,5,hair,40.629630,50.875870,10.121736
28,7,zero_joint_hand_l,77.739106,8.535991,12.299105
28,8,clavicle_l,58.865934,24.859131,11.371968
28,9,arm_l,45.173835,28.754571,-0.394369
28,10,forearm_l,22.398838,44.984745,7.099925
28,11,forearm_twist_l,22.118186,56.541911,10.076011
28,12,hand_l,21.821848,68.813126,13.223381
28,13,weapon_l,27.270427,57.538940,31.988669
28,14,f_big1_l,26.336209,71.668295,11.897146
28,15,f_big2_l,28.983654,73.926249,13.693477
28,16,f_big3_l,29.657763,78.128687,13.539620
28,17,f_main1_l,21.521958,79.984033,10.868026
28,18,f_main2_l,22.821908,79.409325,15.621907
28,19,f_main3_l,22.654624,75.515483,18.343693
28,20,f_pointer1_l,26.682950,79.210028,9.931641
28,21,f_pointer2_l,27.566511,80.508994,13.489342
28,22,f_pointer3_l,27.067256,77.971699,15.730616
28,23,scapular_l,50.482384,34.378746,1.654520
28,24,chest_l,58.590500,2.616223,19.912788
28,25,zero_joint_hand_r,77.739070,8.535663,12.296277
28,26,clavicle_r,61.165001,27.127800,14.061885
28,27,arm_r,69.417675,42.002603,21.254127
28,28,forearm_r,55.817621,53.914496,43.868918
28,29,forearm_twist_r,44.627884,57.253943,41.390651
28,30,hand_r,32.769121,60.805470,38.756805
28,31,weapon_r,27.261621,57.485704,31.955924
28,32,f_big1_r,31.235469,62.451116,32.901125
28,33,f_big2_r,30.198747,61.327683,29.064893
28,34,f_big3_r,28.014676,57.310287,28.059846
28,35,f_main1_r,22.792436,57.846184,34.334468
28,36,f_main2_r,26.071916,55.593892,31.775255
28,37,f_main3_r,29.926772,57.276441,33.191531
28,38,f_pointer1_r,23.639096,61.856120,30.916180
28,39,f_pointer2_r,24.890806,58.408615,28.215367
28,40,f_pointer3_r,28.140930,59.122925,29.092870
28,41,scapular_r,62.317878,42.663665,17.641267
28,42,chest_r,68.241345,12.134964,31.177992
28,43,zero_joint_pelvis_l,88.999118,-17.810715,14.456754
28,44,thigh_l,89.211580,-18.768871,5.299554
28,45,calf_l,91.417407,-58.532785,-23.355190
28,46,foot_l,128.813403,-62.105266,-6.620720
28,47,toe_l,140.909544,-78.361495,-10.693081
28,48,back_l,100.283493,-19.503922,6.886306
28,51,zero_joint_pelvis_r,89.000069,-17.812779,14.457060
28,52,thigh_r,86.188140,-17.510204,23.221680
28,53,calf_r,40.296077,-34.816794,24.458373
28,54,foot_r,62.602966,-68.368833,16.216468
28,55,toe_r,45.028599,-78.515559,20.134540
28,56,back_r,97.152211,-18.200637,25.452873
28,57,biceps_twist_l,34.240690,36.545596,3.201858
28,58,biceps_twist_r,62.902545,47.726030,32.115170
28,59,thigh_twist_l,90.625525,-33.547717,-5.143417
28,60,thigh_twist_r,69.380515,-24.517972,23.604681
29,0,pelvis,89.000000,-17.812500,14.457031
29,1,stomach,84.149259,-8.019694,12.953784
29,2,chest,77.736301,8.535183,12.300014
29,3,neck,57.521943,29.541545,11.853439
29,4,head,45.939106,36.736828,13.210435
29,5,hair,40.626085,50.874721,10.130648
29,7,zero_joint_hand_l,77.736466,8.535382,12.302834
29,8,clavicle_l,58.862696,24.857974,11.378239
29,9,arm_l,45.167076,28.753503,-0.383970
29,10,forearm_l,22.393362,44.983498,7.114606
29,11,forearm_twist_l,22.114344,56.533493,10.087357
29,12,hand_l,21.819293,68.812690,13.235177
29,13,weapon_l,27.272259,57.539946,31.994147
29,14,f_big1_l,26.333325,71.667550,11.907142
29,15,f_big2_l,28.981306,73.925891,13.702197
29,16,f_big3_l,29.655399,78.128291,13.547266
29,17,f_main1_l,21.518002,79.983521,10.878386
29,18,f_main2_l,22.819318,79.409857,15.632020
29,19,f_main3_l,22.652943,75.516918,18.355045
29,20,f_pointer1_l,26.679639,79.208965,9.940197
29,21,f_pointer2_l,27.563665,80.507559,13.495892
29,22,f_pointer3_l,27.064282,77.969494,15.739246
29,23,scapular_l,50.476458,34.377639,1.663115
29,24,chest_l,58.589934,2.616248,19.922222
29,25,zero_joint_hand_r,77.736430,8.535053,12.300005
29,26,clavicle_r,61.162399,27.127068,14.067255
29,27,arm_r,69.416623,42.003052,21.255272
29,28,forearm_r,55.822372,53.912507,43.874836
29,29,forearm_twist_r,44.631556,57.251804,41.401245
29,30,hand_r,32.771638,60.803134,38.772340
29,31,weapon_r,27.269391,57.488626,31.973925
29,32,f_big1_r,31.238617,62.451989,32.917720
29,33,f_big2_r,30.200639,61.329095,29.077467
29,34,f_big3_r,28.015999,57.316646,28.072093
29,35,f_main1_r,22.786011,57.849281,34.346591
29,36,f_main2_r,26.066581,55.593694,31.784454
29,37,f_main3_r,29.922331,57.273718,33.201288
29,38,f_pointer1_r,23.634808,61.861104,30.929401
29,39,f_pointer2_r,24.886146,58.410977,28.225177
29,40,f_pointer3_r,28.138372,59.124100,29.103521
29,41,scapular_r,62.316018,42.663573,17.643740
29,42,chest_r,68.243440,12.136770,31.183641
29,43,zero_joint_pelvis_l,88.999118,-17.810715,14.456755
29,44,thigh_l,89.210998,-18.766182,5.299260
29,45,calf_l,91.414443,-58.527944,-23.358653
29,46,foot_l,128.815732,-62.106168,-6.637244
29,47,toe_l,140.917640,-78.360016,-10.701962
29,48,back_l,100.283086,-19.500798,6.885001
29,51,zero_joint_pelvis_r,89.000069,-17.812779,14.457060
29,52,thigh_r,86.188746,-17.512989,23.221970
29,53,calf_r,40.298188,-34.823695,24.456901
29,54,foot_r,62.592082,-68.381525,16.203422
29,55,toe_r,45.015166,-78.517446,20.137992
29,56,back_r,97.153033,-18.203184,25.452173
29,57,biceps_twist_l,34.228394,36.548821,3.216312
29,58,biceps_twist_r,62.904265,47.725302,32.118598
29,59,thigh_twist_l,90.624549,-33.544246,-5.144900
29,60,thigh_twist_r,69.381887,-24.522686,23.604081
30,0,pelvis,89.000000,-17.812500,14.457031
30,1,stomach,84.149259,-8.019694,12.953784
30,2,chest,77.737720,8.535725,12.299804
30,3,neck,57.525158,29.543806,11.852831
30,4,head,45.942920,36.740088,13.209640
30,5,hair,40.631138,50.878409,10.129675
30,7,zero_joint_hand_l,77.737885,8.535923,12.302623
30,8,clavicle_l,58.865517,24.860117,11.377685
30,9,arm_l,45.170357,28.756713,-0.384706
30,10,forearm_l,22.397946,44.988715,7.113485
30,11,forearm_twist_l,22.119880,56.538758,10.086135
30,12,hand_l,21.825842,68.818008,13.233847
30,13,weapon_l,27.277643,57.544957,31.992972
30,14,f_big1_l,26.340132,71.672471,11.905837
30,15,f_big2_l,28.988286,73.930602,13.700901
30,16,f_big3_l,29.662739,78.132943,13.545942
30,17,f_main1_l,21.525529,79.988844,10.876958
30,18,f_main2_l,22.826745,79.415110,15.630611
30,19,f_main3_l,22.660009,75.522208,18.353667
30,20,f_pointer1_l,26.687110,79.213840,9.938832
30,21,f_pointer2_l,27.571209,80.512389,13.494525
30,22,f_pointer3_l,27.071585,77.974386,15.737896
30,23,scapular_l,50.480196,34.380415,1.662389
30,24,chest_l,58.590765,2.618487,19.921854
30,25,zero_joint_hand_r,77.737848,8.535594,12.299795
30,26,clavicle_r,61.165384,27.129038,14.066706
30,27,arm_r,69.420799,42.004379,21.254688
30,28,forearm_r,55.827317,53.915185,43.874002
30,29,forearm_twist_r,44.636812,57.255415,41.400262
30,30,hand_r,32.777226,60.807734,38.771197
30,31,weapon_r,27.274770,57.493638,31.972751
30,32,f_big1_r,31.244409,62.456671,32.916547
30,33,f_big2_r,30.206378,61.333832,29.076291
30,34,f_big3_r,28.021406,57.321561,28.070928
30,35,f_main1_r,22.791396,57.854695,34.345365
30,36,f_main2_r,26.071801,55.598807,31.783283
30,37,f_main3_r,29.927679,57.278514,33.200144
30,38,f_pointer1_r,23.640572,61.866417,30.928150
30,39,f_pointer2_r,24.891645,58.416160,28.223968
30,40,f_pointer3_r,28.143922,59.129013,29.102342
30,41,scapular_r,62.320289,42.665474,17.643072
30,42,chest_r,68.244961,12.138281,31.183297
30,43,zero_joint_pelvis_l,88.999118,-17.810715,14.456755
30,44,thigh_l,89.210998,-18.766182,5.299260
30,45,calf_l,91.414443,-58.527944,-23.358653
30,46,foot_l,128.815732,-62.106168,-6.637244
30,47,toe_l,140.917640,-78.360016,-10.701962
30,48,back_l,100.283086,-19.500798,6.885001
30,51,zero_joint_pelvis_r,89.000069,-17.812779,14.457060
30,52,thigh_r,86.188746,-17.512989,23.221970
30,53,calf_r,40.298188,-34.823695,24.456901
30,54,foot_r,62.592082,-68.381525,16.203422
30,55,toe_r,45.015166,-78.517446,20.137992
30,56,back_r,97.153033,-18.203184,25.452173
30,57,biceps_twist_l,34.232300,36.552996,3.215390
30,58,biceps_twist_r,62.908810,47.727276,32.117894
30,59,thigh_twist_l,90.624549,-33.544246,-5.144900
30,60,thigh_twist_r,69.381887,-24.522686,23.604081
31,0,pelvis,89.000000,-17.812500,14.457031
31,1,stomach,84.149259,-8.019694,12.953784
31,2,chest,77.737720,8.535725,12.299804
31,3,neck,57.525158,29.543806,11.852831
31,4,head,45.942920,36.740088,13.209640
31,5,hair,40.631138,50.878409,10.129675
31,7,zero_joint_hand_l,77.737885,8.535923,12.302623
31,8,clavicle_l,58.865517,24.860117,11.377685
31,9,arm_l,45.170357,28.756713,-0.384706
31,10,forearm_l,22.397946,44.988715,7.113485
31,11,forearm_twist_l,22.119880,56.538758,10.086135
31,12,hand_l,21.825842,68.818008,13.233847
31,13,weapon_l,27.277643,57.544957,31.992972
31,14,f_big1_l,26.340132,71.672471,11.905837
31,15,f_big2_l,28.988286,73.930602,13.700901
31,16,f_big3_l,29.662739,78.132943,13.545942
31,17,f_main1_l,21.525529,79.988844,10.876958
31,18,f_main2_l,22.826745,79.415110,15.630611
31,19,f_main3_l,22.660009,75.522208,18.353667
31,20,f_pointer1_l,26.687110,79.213840,9.938832
31,21,f_pointer2_l,27.571209,80.512389,13.494525
31,22,f_pointer3_l,27.071585,77.974386,15.737896
31,23,scapular_l,50.480196,34.380415,1.662389
31,24,chest_l,58.590765,2.618487,19.921854
31,25,zero_joint_hand_r,77.737848,8.535594,12.299795
31,26,clavicle_r,61.165384,27.129038,14.066706
31,27,arm_r,69.420799,42.004379,21.254688
31,28,forearm_r,55.827317,53.915185,43.874002
31,29,forearm_twist_r,44.636812,57.255415,41.400262
31,30,hand_r,32.777226,60.807734,38.771197
31,31,weapon_r,27.274770,57.493638,31.972751
31,32,f_big1_r,31.244409,62.456671,32.916547
31,33,f_big2_r,30.206378,61.333832,29.076291
31,34,f_big3_r,28.021406,57.321561,28.070928
31,35,f_main1_r,22.791396,57.854695,34.345365
31,36,f_main2_r,26.071801,55.598807,31.783283
31,37,f_main3_r,29.927679,57.278514,33.200144
31,38,f_pointer1_r,23.640572,61.866417,30.928150
31,39,f_pointer2_r,24.891645,58.416160,28.223968
31,40,f_pointer3_r,28.143922,59.129013,29.102342
31,41,scapular_r,62.320289,42.665474,17.643072
31,42,chest_r,68.244961,12.138281,31.183297
31,43,zero_joint_pelvis_l,88.999118,-17.810715,14.456755
31,44,thigh_l,89.210998,-18.766182,5.299260
31,45,calf_l,91.414443,-58.527944,-23.358653
31,46,foot_l,128.815732,-62.106168,-6.637244
31,47,toe_l,140.917640,-78.360016,-10.701962
31,48,back_l,100.283086,-19.500798,6.885001
31,51,zero_joint_pelvis_r,89.000069,-17.812779,14.457060
31,52,thigh_r,86.188746,-17.512989,23.221970
31,53,calf_r,40.298188,-34.823695,24.456901
31,54,foot_r,62.592082,-68.381525,16.203422
31,55,toe_r,45.015166,-78.517446,20.137992
31,56,back_r,97.153033,-18.203184,25.452173
31,57,biceps_twist_l,34.232300,36.552996,3.215390
31,58,biceps_twist_r,62.908810,47.727276,32.117894
31,59,thigh_twist_l,90.624549,-33.544246,-5.144900
31,60,thigh_twist_r,69.381887,-24.522686,23.604081
32,0,pelvis,89.000000,-17.812500,14.457031
32,1,stomach,84.149288,-8.019681,12.953781
32,2,chest,77.736609,8.535430,12.303171
32,3,neck,57.521133,29.540826,11.861833
32,4,head,45.938399,36.736033,13.220100
32,5,hair,40.625971,50.874921,10.143855
32,7,zero_joint_hand_l,77.736775,8.535627,12.305990
32,8,clavicle_l,58.862115,24.857428,11.385581
32,9,arm_l,45.166039,28.755001,-0.375421
32,10,forearm_l,22.391610,44.982036,7.127391
32,11,forearm_twist_l,22.111001,56.531182,10.103287
32,12,hand_l,21.814198,68.809477,13.254462
32,13,weapon_l,27.268317,57.532136,32.010334
32,14,f_big1_l,26.327744,71.663347,11.927819
32,15,f_big2_l,28.975461,73.921487,13.723516
32,16,f_big3_l,29.649084,78.124005,13.569756
32,17,f_main1_l,21.511890,79.973197,10.902544
32,18,f_main2_l,22.814055,79.398024,15.659839
32,19,f_main3_l,22.648516,75.503995,18.381355
32,20,f_pointer1_l,26.673351,79.207042,9.961941
32,21,f_pointer2_l,27.557921,80.505944,13.519394
32,22,f_pointer3_l,27.058779,77.967206,15.762039
32,23,scapular_l,50.475870,34.382756,1.673307
32,24,chest_l,58.590712,2.613695,19.924383
32,25,zero_joint_hand_r,77.736738,8.535299,12.303161
32,26,clavicle_r,61.161751,27.126017,14.075079
32,27,arm_r,69.415345,42.000745,21.266418
32,28,forearm_r,55.819942,53.905501,43.887763
32,29,forearm_twist_r,44.629058,57.244774,41.414440
32,30,hand_r,32.769057,60.796060,38.785852
32,31,weapon_r,27.267290,57.482833,31.986425
32,32,f_big1_r,31.236210,62.446189,32.931546
32,33,f_big2_r,30.198549,61.324097,29.090972
32,34,f_big3_r,28.012274,57.308560,28.083292
32,35,f_main1_r,22.791143,57.844012,34.361450
32,36,f_main2_r,26.071947,55.589170,31.798957
32,37,f_main3_r,29.927529,57.269254,33.216175
32,38,f_pointer1_r,23.632522,61.855360,30.942750
32,39,f_pointer2_r,24.882595,58.408794,28.239981
32,40,f_pointer3_r,28.134877,59.121266,29.118647
32,41,scapular_r,62.314612,42.661749,17.655163
32,42,chest_r,68.243936,12.132106,31.187827
32,43,zero_joint_pelvis_l,88.999118,-17.810715,14.456755
32,44,thigh_l,89.210998,-18.766182,5.299260
32,45,calf_l,91.414434,-58.527962,-23.358630
32,46,foot_l,128.815702,-62.106158,-6.637169
32,47,toe_l,140.916425,-78.360589,-10.703087
32,48,back_l,100.283086,-19.500798,6.885001
32,51,zero_joint_pelvis_r,89.000069,-17.812779,14.457060
32,52,thigh_r,86.188746,-17.512989,23.221970
32,53,calf_r,40.298179,-34.823672,24.456889
32,54,foot_r,62.592048,-68.381520,16.203413
32,55,toe_r,45.015584,-78.518984,20.136024
32,56,back_r,97.153033,-18.203184,25.452173
32,57,biceps_twist_l,34.227015,36.548904,3.226885
32,58,biceps_twist_r,62.902420,47.720730,32.130598
32,59,thigh_twist_l,90.625242,-33.556927,-5.154003
32,60,thigh_twist_r,69.381717,-24.522231,23.604127
